-- MySQL dump 10.13  Distrib 5.7.33, for Linux (x86_64)
--
-- Host: localhost    Database: srm
-- ------------------------------------------------------
-- Server version	5.7.33-0ubuntu0.18.04.1

/*!40101 SET @OLD_CHARACTER_SET_CLIENT=@@CHARACTER_SET_CLIENT */;
/*!40101 SET @OLD_CHARACTER_SET_RESULTS=@@CHARACTER_SET_RESULTS */;
/*!40101 SET @OLD_COLLATION_CONNECTION=@@COLLATION_CONNECTION */;
/*!40101 SET NAMES utf8 */;
/*!40103 SET @OLD_TIME_ZONE=@@TIME_ZONE */;
/*!40103 SET TIME_ZONE='+00:00' */;
/*!40014 SET @OLD_UNIQUE_CHECKS=@@UNIQUE_CHECKS, UNIQUE_CHECKS=0 */;
/*!40014 SET @OLD_FOREIGN_KEY_CHECKS=@@FOREIGN_KEY_CHECKS, FOREIGN_KEY_CHECKS=0 */;
/*!40101 SET @OLD_SQL_MODE=@@SQL_MODE, SQL_MODE='NO_AUTO_VALUE_ON_ZERO' */;
/*!40111 SET @OLD_SQL_NOTES=@@SQL_NOTES, SQL_NOTES=0 */;

--
-- Table structure for table `advisor`
--

DROP TABLE IF EXISTS `advisor`;
/*!40101 SET @saved_cs_client     = @@character_set_client */;
/*!40101 SET character_set_client = utf8 */;
CREATE TABLE `advisor` (
  `idAdvisor` int(11) NOT NULL AUTO_INCREMENT,
  `email` varchar(100) DEFAULT NULL,
  `fullname` varchar(200) DEFAULT NULL,
  `idQuota` int(11) DEFAULT NULL,
  `idGuestadvisor` int(11) DEFAULT NULL,
  PRIMARY KEY (`idAdvisor`),
  KEY `idQuota` (`idQuota`),
  KEY `idGuestadvisor` (`idGuestadvisor`),
  CONSTRAINT `advisor_ibfk_1` FOREIGN KEY (`idQuota`) REFERENCES `quota` (`idQuota`),
  CONSTRAINT `advisor_ibfk_2` FOREIGN KEY (`idGuestadvisor`) REFERENCES `guestadvisor` (`idGuestadvisor`)
) ENGINE=InnoDB AUTO_INCREMENT=1201 DEFAULT CHARSET=utf8;
/*!40101 SET character_set_client = @saved_cs_client */;

--
-- Dumping data for table `advisor`
--

LOCK TABLES `advisor` WRITE;
/*!40000 ALTER TABLE `advisor` DISABLE KEYS */;
INSERT INTO `advisor` VALUES (4,'tunghx@vnu.edu.vn','Hoàng Xuân Tùng',3,NULL),(7,'guest1@ptit.vnpt.vn','Guest 11',2,13),(8,'dodv@vnu.edu.vn','Đặng Văn Đô',4,NULL),(9,'vietanh@vnu.edu.vn','Nguyễn Việt Anh',2,NULL),(764,'khiemnt@vnu.edu.vn','Nguyễn Tiến Khiêm',NULL,NULL),(765,'maidn@vnu.edu.vn','Đào Như Mai',NULL,NULL),(766,'menhnc@vnu.edu.vn','Nguyễn Cao Mệnh',NULL,NULL),(767,'tritd@vnu.edu.vn','Trần Dương Trí',NULL,NULL),(768,'thangpm@vnu.edu.vn','Phạm Mạnh Thắng',NULL,NULL),(769,'anhnd@vnu.edu.vn','Nguyễn Đông Anh',NULL,NULL),(770,'manhdv@vnu.edu.vn','Đinh Văn Mạnh',NULL,NULL),(771,'camlaint@vnu.edu.vn','Nguyễn Thị Cẩm Lai',NULL,NULL),(772,'haidn@vnu.edu.vn','Dương Ngọc Hải',NULL,NULL),(773,'hienhn@vnu.edu.vn','Hà Ngọc Hiến',NULL,NULL),(774,'namd@vnu.edu.vn','Đỗ Nam',NULL,NULL),(775,'tribd@vnu.edu.vn','Bùi Đình Trí',NULL,NULL),(776,'trungnt_tth@vnu.edu.vn','Nguyễn Thành Trung',NULL,NULL),(777,'lyptc@vnu.edu.vn','Phan Thị Cẩm Ly',NULL,NULL),(778,'scjung@vnu.edu.vn','Jung Seung Chul',NULL,NULL),(779,'camlypt@vnu.edu.vn','Phan Thị Cẩm Ly',NULL,NULL),(780,'patuan@vnu.edu.vn','Phạm Anh Tuấn',NULL,NULL),(781,'thle@vnu.edu.vn','Lê Thái Hòa',NULL,NULL),(782,'chaunh@vnu.edu.vn','Nguyễn Hải Châu',2,NULL),(783,'duyp@vnu.edu.vn','Phạm Duy',NULL,NULL),(784,'hailh@vnu.edu.vn','Lê Hồng Hải',NULL,NULL),(785,'hanhdp@vnu.edu.vn','Dư Phương Hạnh',NULL,NULL),(786,'hienttt@vnu.edu.vn','Trương Thị Thu Hiền',NULL,NULL),(787,'hieulq@vnu.edu.vn','Lê Quang Hiếu',3,NULL),(788,'hoa.nguyen@vnu.edu.vn','Nguyễn Ngọc Hóa',NULL,NULL),(789,'nguyenhau@vnu.edu.vn','Nguyễn Thị Hậu',3,NULL),(790,'ntthanh@vnu.edu.vn','Nguyễn Trí Thành',2,NULL),(791,'tientn@vnu.edu.vn','Trịnh Nhật Tiến',NULL,NULL),(792,'chauttm@vnu.edu.vn','Trần Thị Minh Châu',NULL,NULL),(793,'dseuet@vnu.edu.vn','Bộ môn CNPM',NULL,NULL),(794,'dungvq@vnu.edu.vn','Vũ Quang Dũng',NULL,NULL),(795,'hanhdd@vnu.edu.vn','Đặng Đức Hạnh',3,NULL),(796,'hanv@vnu.edu.vn','Nguyễn Việt Hà',2,NULL),(797,'hungpn@vnu.edu.vn','Phạm Ngọc Hùng',2,NULL),(798,'huongvd@vnu.edu.vn','Vũ Diệu Hương',3,NULL),(799,'khanhtv@vnu.edu.vn','Tô Văn Khánh',3,NULL),(800,'nguyenhoangha@vnu.edu.vn','Nguyễn Hoàng Hà',NULL,NULL),(801,'tannv@vnu.edu.vn','Nguyễn Việt Tân',NULL,NULL),(802,'thanhntn@vnu.edu.vn','Nguyễn Thị Nhật Thanh',2,NULL),(803,'thuongttm@vnu.edu.vn','Trần Thị Mai Thương',NULL,NULL),(804,'zungptk@vnu.edu.vn','Phạm Thị Kim Dung',NULL,NULL),(805,'dolp@vnu.edu.vn','Lê Phê Đô',3,NULL),(806,'tungbt_vnu@vnu.edu.vn','Bùi Thanh Tùng',NULL,NULL),(807,'chaumt@vnu.edu.vn','Ma Thị Châu',3,NULL),(808,'cuongdc@vnu.edu.vn','Đặng Cao Cường',NULL,NULL),(809,'diepht@vnu.edu.vn','Hoàng Thị Điệp',NULL,NULL),(810,'duybt@vnu.edu.vn','Bùi Thế Duy',NULL,NULL),(811,'duyennt@vnu.edu.vn','Ngô Thị Duyên',NULL,NULL),(812,'huanhx@vnu.edu.vn','Hoàng Xuân Huấn',NULL,NULL),(813,'khoilm@vnu.edu.vn','Lê Minh Khôi',NULL,NULL),(814,'pht@vnu.edu.vn','Phạm Hồng Thái',NULL,NULL),(815,'thainp@vnu.edu.vn','Nguyễn Phương Thái',NULL,NULL),(816,'thangbn@vnu.edu.vn','Bùi Ngọc Thăng',3,NULL),(817,'tqlong@vnu.edu.vn','Trần Quốc Long',3,NULL),(818,'tranghtn@vnu.edu.vn','Hoàng Thị Ngọc Trang',NULL,NULL),(819,'vinhls@vnu.edu.vn','Lê Sỹ Vinh',2,NULL),(820,'damhs@vnu.edu.vn','Hồ Sĩ Đàm',NULL,NULL),(821,'huongbtl@vnu.edu.vn','Bùi Thị Lan Hương',NULL,NULL),(822,'minhdl@vnu.edu.vn','Dương Lê Minh',3,NULL),(823,'minhnl@vnu.edu.vn','Ngô Lê Minh',NULL,NULL),(824,'nguyendaitho@vnu.edu.vn','Nguyễn Đại Thọ',3,NULL),(825,'nmtri@vnu.edu.vn','Nguyễn Minh Trí',NULL,NULL),(826,'phananh@vnu.edu.vn','Phan Anh',NULL,NULL),(827,'phuonghd@vnu.edu.vn','Hồ Đắc Phương',4,NULL),(828,'sonnh@vnu.edu.vn','Nguyễn Hoài Sơn',2,NULL),(829,'thond_cn@vnu.edu.vn','Nguyễn Đại Thọ',3,NULL),(830,'thudm@vnu.edu.vn','Đào Minh Thư',NULL,NULL),(831,'ducthien2701@vnu.edu.vn','Nguyễn Đức Thiện',NULL,NULL),(832,'namnh@vnu.edu.vn','Nguyễn Hà Nam',2,NULL),(833,'nguyenlv@vnu.edu.vn','Lương Việt Nguyên',NULL,NULL),(834,'baoptm@vnu.edu.vn','Phạm Thị Mai Bảo',NULL,NULL),(835,'thanhntm@vnu.edu.vn','Nguyễn Thị Minh Thanh',NULL,NULL),(836,'khuongnd@vnu.edu.vn','Nguyễn Duy Khương',NULL,NULL),(837,'thuantn@vnu.edu.vn','Trương Ninh Thuận',NULL,NULL),(838,'tuanpd@vnu.edu.vn','Phạm Đình Tuân',NULL,NULL),(839,'vanntt@vnu.edu.vn','Nguyễn Thị Thanh Vân',NULL,NULL),(840,'vietda@vnu.edu.vn','Đặng Anh Việt',NULL,NULL),(841,'dttmai@vnu.edu.vn','Đinh Thị Thái Mai',NULL,NULL),(842,'ninhbt@vnu.edu.vn','Bùi Trung Ninh',NULL,NULL),(843,'tuannq@vnu.edu.vn','Nguyễn Quốc Tuấn',NULL,NULL),(844,'haitt@vnu.edu.vn','Trần Thanh Hải',NULL,NULL),(845,'quangnv@vnu.edu.vn','Nguyễn Vinh Quang',NULL,NULL),(846,'duongdt@vnu.edu.vn','Đinh Triều Dương',NULL,NULL),(847,'quynhttt@vnu.edu.vn','Trần Thị Thuý Quỳnh',NULL,NULL),(848,'trint@vnu.edu.vn','Ngô Thái Trị',NULL,NULL),(849,'tuyentd@vnu.edu.vn','Tạ Đức Tuyên',NULL,NULL),(850,'dtvt.vp@vnu.edu.vn','Văn phòng khoa Điện tử viễn thông',NULL,NULL),(851,'dungctp@vnu.edu.vn','Chu Thị Phương Dung',NULL,NULL),(852,'halm@vnu.edu.vn','Lưu Mạnh Hà',NULL,NULL),(853,'longnt@vnu.edu.vn','Nguyễn Thăng Long',NULL,NULL),(854,'miennv@vnu.edu.vn','Nguyễn Văn Miên',NULL,NULL),(855,'trinhcd@vnu.edu.vn','Chử Đức Trình',NULL,NULL),(856,'tungbt@vnu.edu.vn','Bùi Thanh Tùng',NULL,NULL),(857,'tutx@vnu.edu.vn','Trần Xuân Tú',NULL,NULL),(858,'halv@vnu.edu.vn','Lê Vũ Hà',NULL,NULL),(859,'khoadtvt@vnu.edu.vn','Khoa Dien tu-Vien thong',NULL,NULL),(860,'minhlq@vnu.edu.vn','Lê Quốc Minh',NULL,NULL),(861,'namnph@vnu.edu.vn','Nguyễn Phương Hoài Nam',NULL,NULL),(862,'nghiand@vnu.edu.vn','Nguyễn Đức Nghĩa',NULL,NULL),(863,'hoipv@vnu.edu.vn','Phạm Văn Hội',NULL,NULL),(864,'hungnd@vnu.edu.vn','Nguyễn Đại Hưng',NULL,NULL),(865,'liemnq@vnu.edu.vn','Nguyễn Quang Liêm',NULL,NULL),(866,'mienvd@vnu.edu.vn','Vũ Doãn Miên',NULL,NULL),(867,'ngapt@vnu.edu.vn','Phạm Thu Nga',NULL,NULL),(868,'quangvx@vnu.edu.vn','Vũ Xuân Quang',NULL,NULL),(869,'danhtm@vnu.edu.vn','Trần Mậu Danh',NULL,NULL),(870,'giangdth@vnu.edu.vn','Đỗ Thị Hương Giang',NULL,NULL),(871,'khoiph@vnu.edu.vn','Phan Hồng Khôi',NULL,NULL),(872,'minhpn69@vnu.edu.vn','Phan Ngọc Minh',NULL,NULL),(873,'ngocntb@vnu.edu.vn','Nguyễn Thị Bảo Ngọc',NULL,NULL),(874,'buidinhtu@vnu.edu.vn','Bùi Đình Tú',NULL,NULL),(875,'chungdn@vnu.edu.vn','Đỗ Ngọc Chung',NULL,NULL),(876,'cuonglv@vnu.edu.vn','Lê Việt Cường',NULL,NULL),(877,'cuongnk@vnu.edu.vn','Nguyễn Kiên Cường',NULL,NULL),(878,'khoatd@vnu.edu.vn','Trần Đăng Khoa',NULL,NULL),(879,'pdthang@vnu.edu.vn','Phạm Đức Thắng',NULL,NULL),(880,'quyenht@vnu.edu.vn','Hà Thị Quyến',NULL,NULL),(881,'kse2009@vnu.edu.vn','KSE 2009',NULL,NULL),(882,'phuongdm@vnu.edu.vn','Đoàn Minh Phương',NULL,NULL),(883,'oanhtt@vnu.edu.vn','Trần Thị Oanh',NULL,NULL),(884,'vinhnv@vnu.edu.vn','Nguyễn Văn Vinh',3,NULL),(885,'ngocpc@vnu.edu.vn','Phạm Cẩm Ngọc',NULL,NULL),(886,'nvdung@vnu.edu.vn','Nguyễn Việt Dũng',NULL,NULL),(887,'sondc@vnu.edu.vn','Đinh Cao Sơn',NULL,NULL),(888,'manhhv87@vnu.edu.vn','Hoàng Văn Mạnh',NULL,NULL),(889,'sonnc@vnu.edu.vn','Nguyễn Cao Sơn',NULL,NULL),(890,'hongntm@vnu.edu.vn','Nguyễn Thị Minh Hồng',NULL,NULL),(891,'anhht@vnu.edu.vn','Hồ Thị Anh',NULL,NULL),(892,'doannb@vnu.edu.vn','Nguyễn Bá Đoàn',NULL,NULL),(893,'quyennm2010@vnu.edu.vn','Nguyễn Minh Quyên',NULL,NULL),(894,'mai.tran@vnu.edu.vn','Trần Trúc Mai',3,NULL),(895,'congls@vnu.edu.vn','Lâm Sinh Công',NULL,NULL),(896,'quyennv@vnu.edu.vn','Nguyễn Văn Quyền',NULL,NULL),(897,'trinhtrung@vnu.edu.vn','Trịnh Quốc Trung',NULL,NULL),(898,'thaott@vnu.edu.vn','Trẩn Thị Thao',NULL,NULL),(899,'lehien@vnu.edu.vn','Lê Thị Hiên',NULL,NULL),(900,'hangbt@vnu.edu.vn','Bùi Thu Hằng',NULL,NULL),(901,'dvh_wifi@vnu.edu.vn','Đặng Văn Hưng',NULL,NULL),(902,'ngocdiep@vnu.edu.vn','Nguyễn Thị Ngọc Diệp',3,NULL),(903,'tranhiep.dinh@vnu.edu.vn','Đinh Trần Hiệp',NULL,NULL),(904,'nhquan@vnu.edu.vn','Nguyễn Hoàng Quân',NULL,NULL),(905,'vlkt-cnnn@vnu.edu.vn','Khoa Vật lý kỹ thuật và công nghệ nanô',NULL,NULL),(906,'baongoc124@vnu.edu.vn','Nguyễn Bảo Ngọc',NULL,NULL),(907,'trongld@vnu.edu.vn','Lê Đức Trọng',3,NULL),(908,'diepbp@vnu.edu.vn','Bùi Phi Điệp',NULL,NULL),(909,'khoi.n.le@vnu.edu.vn','Lê Nguyên Khôi',NULL,NULL),(910,'chaunth@vnu.edu.vn','Nguyễn Thị Huyền Châu',NULL,NULL),(911,'hieupx@vnu.edu.vn','Phan Xuân Hiếu',2,NULL),(912,'dinhnn@vnu.edu.vn','Nguyễn Năng Định',NULL,NULL),(913,'linhtrung@vnu.edu.vn','Nguyễn Linh Trung',NULL,NULL),(914,'vutm@vnu.edu.vn','Trần Mai Vũ',3,NULL),(915,'truongnx@vnu.edu.vn','Nguyễn Xuân Trường',NULL,NULL),(916,'tnq-bui@vnu.edu.vn','Bùi Nguyên Quốc Trình',NULL,NULL),(917,'trienpm@vnu.edu.vn','Phạm Minh Triển',NULL,NULL),(918,'hungbq@vnu.edu.vn','Bùi Quang Hưng',NULL,NULL),(919,'hieuvd@vnu.edu.vn','Võ Đình Hiếu',3,NULL),(920,'hoangta@vnu.edu.vn','Trương Anh Hoàng',2,NULL),(921,'anhvutt@vnu.edu.vn','Vũ Thị Thùy Anh',NULL,NULL),(922,'ddlong@vnu.edu.vn','Đặng Đình Long',NULL,NULL),(923,'sonbh@vnu.edu.vn','Bùi Hồng Sơn',NULL,NULL),(924,'duongpm@vnu.edu.vn','Phung',NULL,NULL),(925,'rev_conf@vnu.edu.vn','REV CONF',NULL,NULL),(926,'dangph@vnu.edu.vn','Phạm Hải Đăng',NULL,NULL),(927,'cuongcx@vnu.edu.vn','Chu Xuân Cường',NULL,NULL),(928,'van.nam@vnu.edu.vn','Nguyễn Văn Nam',NULL,NULL),(929,'namhh@vnu.edu.vn','Hà Hải Nam',NULL,NULL),(930,'tungbd@vnu.edu.vn','Bùi Đức Tùng',NULL,NULL),(931,'dinhchau@vnu.edu.vn','Đinh Văn Châu',NULL,NULL),(932,'hai.dang@vnu.edu.vn','Đặng Thanh Hải',3,NULL),(933,'pvthuy@vnu.edu.vn','Phí Văn Thủy',NULL,NULL),(934,'thanhnx_1@vnu.edu.vn','Nguyễn Xuân Thanh',NULL,NULL),(935,'huyenbionano@vnu.edu.vn','Vũ Thị Huyền',NULL,NULL),(936,'nxtruong@vnu.edu.vn','Nguyễn Xuân Trường',NULL,NULL),(937,'ngocnt2387@vnu.edu.vn','Nguyễn Thị Ngọc',NULL,NULL),(938,'kse2014@vnu.edu.vn','KSE 2014',NULL,NULL),(939,'nlnguyen@vnu.edu.vn','Nguyễn Ngọc Linh',NULL,NULL),(940,'iwaqa2014@vnu.edu.vn','iwaqa2014 Secretary',NULL,NULL),(941,'tantd@vnu.edu.vn','duc-tan',NULL,NULL),(942,'nanomata2014@vnu.edu.vn','Nanomata 2014 conference contact',NULL,NULL),(943,'dvmanh@vnu.edu.vn','Dinh Van Manh',NULL,NULL),(944,'hoainam@vnu.edu.vn','Nguyễn Hoài Nam',NULL,NULL),(945,'vynv@vnu.edu.vn','Nguyễn Văn Vỵ',NULL,NULL),(946,'giaodd@vnu.edu.vn','Đỗ Đức Giáo',NULL,NULL),(947,'hoangnc@vnu.edu.vn','Nguyễn Cảnh Hoàng',NULL,NULL),(948,'tuongdm@vnu.edu.vn','Đinh Mạnh Tường',NULL,NULL),(949,'toannq@vnu.edu.vn','Nguyễn Quốc Toản',NULL,NULL),(950,'tuen@vnu.edu.vn','Nguyễn Tuệ',NULL,NULL),(951,'tapnd@vnu.edu.vn','Ngô Diên Tập',NULL,NULL),(952,'vyvd@vnu.edu.vn','Vương Đạo Vy',NULL,NULL),(953,'giaonk@vnu.edu.vn','Nguyễn Kim Giao',NULL,NULL),(954,'tuyetpt@vnu.edu.vn','Phạm Thị Tuyết',NULL,NULL),(955,'anhp@vnu.edu.vn','Phan Anh',NULL,NULL),(956,'kinhnv@vnu.edu.vn','Nguyễn Viết Kính',NULL,NULL),(957,'sunghv@vnu.edu.vn','Hồ Văn Sung',NULL,NULL),(958,'tuehh@vnu.edu.vn','Huỳnh Hữu Tuệ',NULL,NULL),(959,'thanhld@vnu.edu.vn','Lê Đình Thanh',NULL,NULL),(960,'icdv2014@vnu.edu.vn','ICDVN 2014 conference contact',NULL,NULL),(961,'dnmai@vnu.edu.vn','Dao Nhu Mai',NULL,NULL),(962,'trinhlk@vnu.edu.vn','Lê Khánh Trình',NULL,NULL),(963,'binhkt@vnu.edu.vn','Kieu Thanh Binh',NULL,NULL),(964,'ndchinh@vnu.edu.vn','Nguyen Dinh Chinh',NULL,NULL),(965,'vtduong@vnu.edu.vn','Vu Thai Duong',NULL,NULL),(966,'nnviet@vnu.edu.vn','Nguyễn Ngọc Việt',NULL,NULL),(967,'hongthinh.nguyen@vnu.edu.vn','Nguyễn',NULL,NULL),(968,'tanhvu@vnu.edu.vn','Vu Tuan Anh',NULL,NULL),(969,'carbc@vnu.edu.vn','CARBC',NULL,NULL),(970,'cong.nguyen.van@vnu.edu.vn','Nguyễn Văn Công',NULL,NULL),(971,'hoangqc@vnu.edu.vn','Quách Công',NULL,NULL),(973,'huongdt.di12@vnu.edu.vn','Đào Thị Hường',NULL,NULL),(974,'thuyln@vnu.edu.vn','Lê Ngọc Thủy',NULL,NULL),(975,'cuongla@vnu.edu.vn','Lê Anh Cường',NULL,NULL),(976,'congdm@vnu.edu.vn','Đặng Minh Công',NULL,NULL),(977,'duonghm@vnu.edu.vn','Hoàng Minh Đường',NULL,NULL),(978,'quyha@vnu.edu.vn','Hoàng Anh Quý',NULL,NULL),(979,'nguyenducanh@vnu.edu.vn','Nguyễn Đức Anh',4,NULL),(980,'sonnguyen@vnu.edu.vn','Nguyễn Văn Sơn',NULL,NULL),(981,'nguyenhathanh@vnu.edu.vn','Nguyễn Hà Thanh',NULL,NULL),(982,'nvkhoa@vnu.edu.vn','Nguyễn Việt Khoa',NULL,NULL),(983,'trinhbnq@vnu.edu.vn','Bùi Nguyên Quốc Trình',NULL,NULL),(984,'quantq@vnu.edu.vn','Trần Quốc Quân',NULL,NULL),(985,'fema@vnu.edu.vn','Email Khoa CHKT&TDH',NULL,NULL),(986,'duyphuc@vnu.edu.vn','Phạm Duy Phúc',NULL,NULL),(987,'xiemhoang@vnu.edu.vn','Hoàng Văn Xiêm',NULL,NULL),(988,'lesyquoc@vnu.edu.vn','Lê Sỹ Quốc',NULL,NULL),(990,'thanhnd_physic@vnu.edu.vn','Nguyễn Doãn Thành',NULL,NULL),(991,'doan.hd.amsl.eng@vnu.edu.vn','Đoàn Hồng Đức',NULL,NULL),(992,'phamtrang@vnu.edu.vn','Phạm Thị Thu Trang',NULL,NULL),(993,'sislab@vnu.edu.vn','SISLAB',NULL,NULL),(994,'hoisinhviendhcn@vnu.edu.vn','Hội sinh viên Trường Đại học Công nghệ',NULL,NULL),(995,'nvantan94@vnu.edu.vn','Ngô Văn Tân',NULL,NULL),(996,'anhv@vnu.edu.vn','Vũ Việt Anh',NULL,NULL),(997,'tuanphong@vnu.edu.vn','Tuan-Phong Nguyen',NULL,NULL),(998,'hientv@vnu.edu.vn','Trần Văn Hiến',NULL,NULL),(999,'trannhuchi@vnu.edu.vn','Trần Như Chí',NULL,NULL),(1000,'namnx228@vnu.edu.vn','Nghiêm Xuân Nam',NULL,NULL),(1001,'hongvt57@vnu.edu.vn','Vương Thị Hồng',4,NULL),(1002,'yenvth@vnu.edu.vn','Vương Thị Hải Yến',4,NULL),(1003,'fit@vnu.edu.vn','Khoa Công nghệ thông tin',NULL,NULL),(1004,'nguyenminhduc@vnu.edu.vn','Nguyễn Minh Đức',NULL,NULL),(1005,'vudq@vnu.edu.vn','Dương Quang Vũ',NULL,NULL),(1006,'hoangnn@vnu.edu.vn','Nguyễn Nam Hoàng',NULL,NULL),(1007,'mainty@vnu.edu.vn','Nguyễn Thị Yến Mai',NULL,NULL),(1008,'linhntp@vnu.edu.vn','Nguyễn Thị Phương Linh',NULL,NULL),(1009,'thuannm@vnu.edu.vn','Nguyễn Minh Thuận',NULL,NULL),(1010,'ngocan@vnu.edu.vn','Nguyễn Ngọc An',NULL,NULL),(1011,'yenth@vnu.edu.vn','Trần Hải Yến',NULL,NULL),(1012,'minhhoang.ha@vnu.edu.vn','Hà Minh Hoàng',3,NULL),(1013,'anhvm@vnu.edu.vn','Vũ Minh Anh',NULL,NULL),(1014,'quangvd2510@vnu.edu.vn','Vũ Đình Quang',NULL,NULL),(1015,'tranthanhtung@vnu.edu.vn','Trần Thanh Tùng',NULL,NULL),(1016,'phongnk@vnu.edu.vn','Nguyễn Khắc Phong',NULL,NULL),(1017,'phongdk@vnu.edu.vn','Đỗ Khắc Phong',NULL,NULL),(1018,'tungnb@vnu.edu.vn','Nguyễn Bá Tùng',NULL,NULL),(1019,'ntplinh@vnu.edu.vn','Nguyễn Thị Phương Linh',NULL,NULL),(1020,'sonpb@vnu.edu.vn','Phạm Bảo Sơn',NULL,NULL),(1021,'hungnguyen@vnu.edu.vn','Nguyễn Mạnh Hùng',NULL,NULL),(1022,'kienvu@vnu.edu.vn','Vu',NULL,NULL),(1023,'hiendoan@vnu.edu.vn','Doãn Thị Hiền',NULL,NULL),(1024,'ntthong@vnu.edu.vn','Nguyễn Thạc Thống',NULL,NULL),(1025,'binhdt@vnu.edu.vn','Đặng Trần ',NULL,NULL),(1026,'canhnd@vnu.edu.vn','Nguyễn Đức Cảnh',NULL,NULL),(1027,'tracthinh@vnu.edu.vn','Trác Quang Thịnh',NULL,NULL),(1028,'vanntc@vnu.edu.vn','Nguyễn Thị Cẩm Vân',NULL,NULL),(1029,'pdthai@vnu.edu.vn','Thái Đình Phúc',NULL,NULL),(1030,'ducngx@vnu.edu.vn','Nguyễn Xuân Đức',NULL,NULL),(1031,'trangnm@vnu.edu.vn','Nguyễn Minh Trang',NULL,NULL),(1032,'catcd@vnu.edu.vn','Cấn Duy Cát',4,NULL),(1033,'nhattlm95@vnu.edu.vn','Trần Lê Minh Nhật',NULL,NULL),(1034,'trangptq@vnu.edu.vn','Phạm Thị Quỳnh Trang',NULL,NULL),(1035,'thanhletrung@vnu.edu.vn','Lê Trung Thành',NULL,NULL),(1036,'huongpv@vnu.edu.vn','Phạm Thị Việt Hương',NULL,NULL),(1037,'huonglt@vnu.edu.vn','Lại Thanh Hương',NULL,NULL),(1038,'diepdh@vnu.edu.vn','Đỗ Huy Điệp',NULL,NULL),(1039,'khanh.n.dang@vnu.edu.vn','Đặng ',NULL,NULL),(1040,'nguyendiemmy@vnu.edu.vn','Nguyễn Thị Diễm My',NULL,NULL),(1041,'phuonghx@vnu.edu.vn','Hoàng Xuân Phương',NULL,NULL),(1042,'vanhd@vnu.edu.vn','Hà Đức Văn',NULL,NULL),(1043,'thanglq@vnu.edu.vn','Lưu Quang Thắng',NULL,NULL),(1044,'chucmd@vnu.edu.vn','Mẫn Đức Chức',NULL,NULL),(1045,'anhphan@vnu.edu.vn','Phan Anh',NULL,NULL),(1046,'hunglv54@vnu.edu.vn','Lưu Việt Hưng',NULL,NULL),(1047,'hapv241@vnu.edu.vn','Phạm Văn Hà',NULL,NULL),(1048,'lanhuong1491@vnu.edu.vn','Nguyễn',NULL,NULL),(1049,'avitech@vnu.edu.vn','Avitech',NULL,NULL),(1050,'badt@vnu.edu.vn','Đặng Thế Ba',NULL,NULL),(1051,'hoi_le@vnu.edu.vn','Lê Thị Hợi',NULL,NULL),(1052,'dangkh_uet@vnu.edu.vn','Kiều Hải Đăng',NULL,NULL),(1053,'cuongnd@vnu.edu.vn','Nguyễn Đức Cường',NULL,NULL),(1054,'vuta@vnu.edu.vn','Trịnh Anh Vũ',NULL,NULL),(1055,'dungtnguyen@vnu.edu.vn','Nguyễn Thị Dung',NULL,NULL),(1056,'nguyenthanhtung@vnu.edu.vn','Nguyễn Thanh Tùng',NULL,NULL),(1057,'danguyen@vnu.edu.vn','Nguyễn Duy Anh',NULL,NULL),(1058,'hungtn@vnu.edu.vn','Trần Ngọc Hưng',NULL,NULL),(1059,'quanta@vnu.edu.vn','Tran',NULL,NULL),(1060,'nguyettran@vnu.edu.vn','Trần Thị Nguyệt',NULL,NULL),(1061,'sonnn12@vnu.edu.vn','Nguyễn Ngọc Sơn',NULL,NULL),(1062,'bqcuong@vnu.edu.vn','Bùi Quang Cường',4,NULL),(1063,'tranminhtuan@vnu.edu.vn','Trần Minh Tuấn',NULL,NULL),(1064,'duongtd@vnu.edu.vn','Trần Đình Dương',NULL,NULL),(1065,'thuattn@vnu.edu.vn','Trần Như Thuật',NULL,NULL),(1066,'longvt94@vnu.edu.vn','Vương Tùng Long',NULL,NULL),(1067,'cuongnn241@vnu.edu.vn','Nguyễn Như Cường',NULL,NULL),(1068,'nguyenpd@vnu.edu.vn','Pham',NULL,NULL),(1069,'hoanhtam@vnu.edu.vn','Hồ Anh Tâm',NULL,NULL),(1070,'lamnd2005@vnu.edu.vn','Nguyễn Đình Lãm',NULL,NULL),(1071,'minhnt95@vnu.edu.vn','Nguyễn Tiến Minh',NULL,NULL),(1072,'linhmp@vnu.edu.vn','Phạm Mạnh Linh',3,NULL),(1073,'hieutt@vnu.edu.vn','Trần Trọng Hiếu',NULL,NULL),(1074,'duongtuanmanh@vnu.edu.vn','Manh',NULL,NULL),(1075,'hamle@vnu.edu.vn','Lê Huy Hàm',NULL,NULL),(1076,'fat@vnu.edu.vn','Khoa Công nghệ Nông Nghiệp',NULL,NULL),(1077,'thanhha1610@vnu.edu.vn','Nguyễn Thị Thanh Hà',NULL,NULL),(1078,'tchung@vnu.edu.vn','Trần Cường Hưng',NULL,NULL),(1079,'natuan0502@vnu.edu.vn','Ngô Anh Tuấn',NULL,NULL),(1080,'nguyenminhhai@vnu.edu.vn','Nguyễn Minh Hải',6,NULL),(1081,'nqminh@vnu.edu.vn','Nguyễn Quang Minh',NULL,NULL),(1082,'thanhminh@vnu.edu.vn','Mai',NULL,NULL),(1083,'ndinhtuan15@vnu.edu.vn','Nguyễn Đình Tuân',NULL,NULL),(1084,'anh.ph@vnu.edu.vn','Phan',NULL,NULL),(1085,'trangttn@vnu.edu.vn','Nguyễn Thị Thu Trang',NULL,NULL),(1086,'anth@vnu.edu.vn','Triệu Hoàng An',NULL,NULL),(1087,'tuananh.ng@vnu.edu.vn','Nguyễn Tuấn Anh',7,NULL),(1088,'sonntuet@vnu.edu.vn','Nguyễn Thành Sơn',NULL,NULL),(1089,'tuannm317@vnu.edu.vn','Nguyễn Minh Tuấn',NULL,NULL),(1090,'kienhd1@vnu.edu.vn','Hoàng Đăng Kiên',NULL,NULL),(1091,'trangngtt@vnu.edu.vn','Nguyễn Thị Thu Trang',NULL,NULL),(1092,'cuonghm@vnu.edu.vn','Hà Minh Cường',NULL,NULL),(1093,'duongdv@vnu.edu.vn','Dương Việt Dũng',3,NULL),(1094,'anh.ld@vnu.edu.vn','Lê Đình Anh',NULL,NULL),(1095,'vuongnvh@vnu.edu.vn','Nguyễn Vũ Hoàng Vương',NULL,NULL),(1096,'thao.pham@vnu.edu.vn','Phạm Ngọc Thảo',NULL,NULL),(1097,'xuanloc97ars@vnu.edu.vn','Phạm Xuân Lộc',NULL,NULL),(1098,'anhmtn@vnu.edu.vn','Mai Thị Ngọc Ánh',NULL,NULL),(1099,'cond@vnu.edu.vn','Nguyễn Đăng Cơ',NULL,NULL),(1100,'trang.nguyen@vnu.edu.vn','Nguyễn Thu Trang',4,NULL),(1101,'doanhnn@vnu.edu.vn','Nguyễn Ngô Doanh',NULL,NULL),(1102,'nguyenngocquynh1997@vnu.edu.vn','Nguyễn Ngọc Quỳnh',NULL,NULL),(1104,'tuyentx@vnu.edu.vn','Trần Xuân Tuyến',NULL,NULL),(1105,'anhnguyenngoc@vnu.edu.vn','Nguyễn Thị Ngọc Ánh',NULL,NULL),(1106,'bangnl@vnu.edu.vn','Nguyễn Lương Bằng',NULL,NULL),(1107,'hangnt97@vnu.edu.vn','Nguyễn Thu Hằng',NULL,NULL),(1108,'vtthao@vnu.edu.vn','Vũ Thị Thao',NULL,NULL),(1109,'trantuanlinh1993@vnu.edu.vn','Trần Tuấn Linh',NULL,NULL),(1110,'vungoclinh@vnu.edu.vn','Vũ Ngọc Linh',NULL,NULL),(1111,'dsktlab@vnu.edu.vn','Phòng Thí nghiệm Công nghệ Tri Thức',NULL,NULL),(1112,'levantuan112@vnu.edu.vn','Lê Văn Tuân',NULL,NULL),(1113,'hunghg@vnu.edu.vn','Hoàng Gia Hưng',NULL,NULL),(1114,'nl.khanh@vnu.edu.vn','Nguyen',NULL,NULL),(1115,'binh.nguyen@vnu.edu.vn','Nguyễn Thanh Bình',NULL,NULL),(1116,'cuong.nxv@vnu.edu.vn','Nguyễn Xuân Việt Cường',NULL,NULL),(1117,'ca.hoanguet@vnu.edu.vn','Đồng ',NULL,NULL),(1118,'dungpt98@vnu.edu.vn','Tuấn Dũng',NULL,NULL),(1119,'hoang.nm@vnu.edu.vn','Ngô Minh Hoàng',NULL,NULL),(1120,'hoannv41@vnu.edu.vn','Nguyễn Văn Hoàn',NULL,NULL),(1121,'huyennguyen.uet@vnu.edu.vn','Nguyễn Thị Huyền',NULL,NULL),(1122,'vietphq@vnu.edu.vn','Phạm Hoàng Quốc ',NULL,NULL),(1123,'tuanngokien@vnu.edu.vn','Ngô Kiên Tuấn',8,NULL),(1124,'doanthihoaithu@vnu.edu.vn','Đoàn Thị Hoài Thu',8,NULL),(1125,'linhlpv@vnu.edu.vn','Lê Phạm Văn Linh',NULL,NULL),(1126,'ductranminh@vnu.edu.vn','Trần Minh Đức',NULL,NULL),(1127,'phinv@vnu.edu.vn','Nguyễn Văn Phi',NULL,NULL),(1128,'bachqt@vnu.edu.vn','Trần Quang Bách',NULL,NULL),(1129,'tiennn@vnu.edu.vn','Nguyễn Ngọc Tiến',NULL,NULL),(1130,'anhhb@vnu.edu.vn','Hoàng Bảo Anh',NULL,NULL),(1131,'minhdinh@vnu.edu.vn','Đinh',NULL,NULL),(1132,'tiennd@vnu.edu.vn','Nguyễn Đức Tiến',NULL,NULL),(1133,'hangtt.uet@vnu.edu.vn','Trần Thanh Hằng',NULL,NULL),(1134,'dat.ngodinh@vnu.edu.vn','Ngô Đình Đạt',NULL,NULL),(1135,'dothithuha247@vnu.edu.vn','Đỗ Thị Thu Hà',NULL,NULL),(1136,'ngocdtn19@vnu.edu.vn','Do',NULL,NULL),(1137,'huyenvu@vnu.edu.vn','Vũ Thị Huyền',NULL,NULL),(1138,'truonggnx@vnu.edu.vn','Ngô',NULL,NULL),(1139,'quannh_94@vnu.edu.vn','Nguyễn Hoàng Quân',NULL,NULL),(1141,'canhnt@vnu.edu.vn','Nguyễn Tuấn Cảnh',NULL,NULL),(1150,'phamthanhgiang@ioit.vn','Phạm Thanh Giang',2,24),(1151,'coltech@vnu.edu.vn','Tkdc-dhcn',NULL,NULL),(1152,'nnbinh@vnu.edu.vn','Nguyễn Ngọc Bình',NULL,NULL),(1153,'thuyhq@vnu.edu.vn','Hà Quang Thụy',2,NULL),(1154,'vinhtq@vnu.edu.vn','Trần Quang Vinh',NULL,NULL),(1155,'nguyenthanhthuy@vnu.edu.vn','Nguyễn Thanh Thủy',NULL,NULL),(1156,'nguyenduy.tung@toshiba.co.jp','Nguyễn Duy Tùng',3,25),(1158,'landn0101@gmail.com','Đồng Thị Ngọc Lan',4,26),(1160,'dieutq@hcma.vn','Trần Quang Diệu',3,27),(1162,'dinhhoa@gmail.com','Nguyễn Đình Hóa',3,28),(1164,'minhhoangha.vth@gmail.com','Hà Minh Hoàng',3,29),(1166,'nguyentrinhdong@gmail.com','Nguyễn Trịnh Đông',3,30),(1168,'binhtt75@gmail.com','Trịnh Thanh Bình',3,31),(1170,'phucnh@vimaru.edu.vn','Nguyễn Hạnh Phúc',4,32),(1172,'ncamtu@gmail.com','Nguyễn Cẩm Tú',2,33),(1174,'trungdt@gmail.com','Đặng Thành Trung',3,34),(1176,'khainn10@gmail.com','Nguyễn Ngọc Khải',4,35),(1178,'lehonglam.skv@gmai.com','Lê Hồng Lam',NULL,36),(1180,'vosynam@gmail.com','Võ Sỹ Nam',3,37),(1182,'namnh@vnu.edu.vn','Nguyễn Hà Nam',2,38),(1184,'ptgiang@ioit.ac.vn','Phạm Thanh Giang',2,39),(1186,'hoanganh1606@gmail.com','Nguyễn Thế Hoàng Anh',3,40),(1187,'tienthanh_dhcn@vnu.edu.vn','Vũ Tiến Thành',NULL,NULL),(1188,'lhquynh@vnu.edu.vn','Lê Hoàng Quỳnh',4,NULL),(1189,'dainq@vnu.edu.vn','Nguyễn Quốc Đại',NULL,NULL),(1190,'datnb@vnu.edu.vn','Nguyễn Bá Đạt',NULL,NULL),(1191,'tund@vnu.edu.vn','Nguyễn Đình Tư',NULL,NULL),(1192,'cuongtv@vnu.edu.vn','Tạ Việt Cường',3,NULL),(1193,'vthnhan@vnu.edu.vn','Vũ Thị Hồng Nhạn',3,NULL),(1194,'tiepnh@vnu.edu.vn','Nguyễn Huy Tiệp',NULL,NULL),(1195,'hieubd@vnu.edu.vn','Bùi Duy Hiếu',NULL,NULL),(1196,'haibn@vnu.edu.vn','Bùi Ngọc Hải',NULL,NULL),(1197,'lqkhanh@vnu.edu.vn','Lê Quốc Khánh',NULL,NULL),(1198,'tuvt@vnu.edu.vn','Vũ Thanh Tú',4,NULL),(1199,'thuynguyen@vnu.edu.vn','Nguyen Thi Thuy',NULL,NULL),(1200,'dongdoduc@vnu.edu.vn','Đỗ Đức Đông',3,NULL);
/*!40000 ALTER TABLE `advisor` ENABLE KEYS */;
UNLOCK TABLES;

--
-- Table structure for table `attachment`
--

DROP TABLE IF EXISTS `attachment`;
/*!40101 SET @saved_cs_client     = @@character_set_client */;
/*!40101 SET character_set_client = utf8 */;
CREATE TABLE `attachment` (
  `idAttachment` int(11) NOT NULL AUTO_INCREMENT,
  `title` varchar(255) DEFAULT NULL,
  `uuid` varchar(50) DEFAULT NULL,
  `idProject` int(11) DEFAULT NULL,
  `idOwner` int(11) DEFAULT NULL,
  `uploadDate` datetime DEFAULT NULL,
  PRIMARY KEY (`idAttachment`),
  KEY `idProject` (`idProject`),
  KEY `idOwner` (`idOwner`),
  CONSTRAINT `attachment_ibfk_1` FOREIGN KEY (`idProject`) REFERENCES `project` (`idProject`),
  CONSTRAINT `attachment_ibfk_2` FOREIGN KEY (`idOwner`) REFERENCES `student` (`idStudent`)
) ENGINE=InnoDB DEFAULT CHARSET=utf8;
/*!40101 SET character_set_client = @saved_cs_client */;

--
-- Dumping data for table `attachment`
--

LOCK TABLES `attachment` WRITE;
/*!40000 ALTER TABLE `attachment` DISABLE KEYS */;
/*!40000 ALTER TABLE `attachment` ENABLE KEYS */;
UNLOCK TABLES;

--
-- Table structure for table `guestadvisor`
--

DROP TABLE IF EXISTS `guestadvisor`;
/*!40101 SET @saved_cs_client     = @@character_set_client */;
/*!40101 SET character_set_client = utf8 */;
CREATE TABLE `guestadvisor` (
  `idGuestadvisor` int(11) NOT NULL AUTO_INCREMENT,
  `email` varchar(100) DEFAULT NULL,
  `fullname` varchar(200) DEFAULT NULL,
  `affiliation` varchar(255) DEFAULT NULL,
  `password` varchar(100) DEFAULT NULL,
  PRIMARY KEY (`idGuestadvisor`)
) ENGINE=InnoDB AUTO_INCREMENT=41 DEFAULT CHARSET=utf8;
/*!40101 SET character_set_client = @saved_cs_client */;

--
-- Dumping data for table `guestadvisor`
--

LOCK TABLES `guestadvisor` WRITE;
/*!40000 ALTER TABLE `guestadvisor` DISABLE KEYS */;
INSERT INTO `guestadvisor` VALUES (1,'hoand@ptit.vnpt.vn','Nguyễn Đình Hoá',NULL,'d2488f4971f3095122dc511245424e640d5ab9e431d455972ad54cfdc7c08dcb'),(13,'guest1@ptit.vnpt.vn','Guest 11','PTIT','d2488f4971f3095122dc511245424e640d5ab9e431d455972ad54cfdc7c08dcb'),(14,'','','','fb394fd32fb8c977ee448f48a7eecd088075f5a30532feea07a06ce783669658'),(15,'','','','fb394fd32fb8c977ee448f48a7eecd088075f5a30532feea07a06ce783669658'),(16,'','','','fb394fd32fb8c977ee448f48a7eecd088075f5a30532feea07a06ce783669658'),(17,'','','','fb394fd32fb8c977ee448f48a7eecd088075f5a30532feea07a06ce783669658'),(18,'','','','fb394fd32fb8c977ee448f48a7eecd088075f5a30532feea07a06ce783669658'),(19,'','','','fb394fd32fb8c977ee448f48a7eecd088075f5a30532feea07a06ce783669658'),(21,'','','','fb394fd32fb8c977ee448f48a7eecd088075f5a30532feea07a06ce783669658'),(22,'','','','fb394fd32fb8c977ee448f48a7eecd088075f5a30532feea07a06ce783669658'),(23,'','','','fb394fd32fb8c977ee448f48a7eecd088075f5a30532feea07a06ce783669658'),(24,'phamthanhgiang@ioit.vn','Phạm Thanh Giang','Viện hàn lâm Khoa học Việt Nam','72b8d9df1fc6f66e782d32fd883c970376eb80b61a69aa668cae77309c4538a7'),(25,'nguyenduy.tung@toshiba.co.jp','Nguyễn Duy Tùng','Công ty Toshiba','d2488f4971f3095122dc511245424e640d5ab9e431d455972ad54cfdc7c08dcb'),(26,'landn0101@gmail.com','Đồng Thị Ngọc Lan','Học viện tài chính','d2488f4971f3095122dc511245424e640d5ab9e431d455972ad54cfdc7c08dcb'),(27,'dieutq@hcma.vn','Trần Quang Diệu','HV Chính trị Quốc gia HCM','d2488f4971f3095122dc511245424e640d5ab9e431d455972ad54cfdc7c08dcb'),(28,'dinhhoa@gmail.com','Nguyễn Đình Hóa','HV Công nghệ bưu chính viễn thông','d2488f4971f3095122dc511245424e640d5ab9e431d455972ad54cfdc7c08dcb'),(29,'minhhoangha.vth@gmail.com','Hà Minh Hoàng','Trường Đại học Phenikaa','d2488f4971f3095122dc511245424e640d5ab9e431d455972ad54cfdc7c08dcb'),(30,'nguyentrinhdong@gmail.com','Nguyễn Trịnh Đông','Trường ĐH Hải Phòng','d2488f4971f3095122dc511245424e640d5ab9e431d455972ad54cfdc7c08dcb'),(31,'binhtt75@gmail.com','Trịnh Thanh Bình','Trường ĐH Hải Phòng','d2488f4971f3095122dc511245424e640d5ab9e431d455972ad54cfdc7c08dcb'),(32,'phucnh@vimaru.edu.vn','Nguyễn Hạnh Phúc','Trường ĐH Hàng Hải VN','d2488f4971f3095122dc511245424e640d5ab9e431d455972ad54cfdc7c08dcb'),(33,'ncamtu@gmail.com','Nguyễn Cẩm Tú','Trường ĐH Nam Kinh, Trung Quốc','d2488f4971f3095122dc511245424e640d5ab9e431d455972ad54cfdc7c08dcb'),(34,'trungdt@gmail.com','Đặng Thành Trung','Trường ĐH Sư phạm HN','d2488f4971f3095122dc511245424e640d5ab9e431d455972ad54cfdc7c08dcb'),(35,'khainn10@gmail.com','Nguyễn Ngọc Khải','Trường ĐH Tài nguyên và Môi trường HN','d2488f4971f3095122dc511245424e640d5ab9e431d455972ad54cfdc7c08dcb'),(36,'lehonglam.skv@gmai.com','Lê Hồng Lam','Trường ĐHSP Kỹ thuật Vinh','d2488f4971f3095122dc511245424e640d5ab9e431d455972ad54cfdc7c08dcb'),(37,'vosynam@gmail.com','Võ Sỹ Nam','Viện Bigdata, Vingroup','d2488f4971f3095122dc511245424e640d5ab9e431d455972ad54cfdc7c08dcb'),(38,'namnh@vnu.edu.vn','Nguyễn Hà Nam','Viện CNTT, ĐHQGHN','d2488f4971f3095122dc511245424e640d5ab9e431d455972ad54cfdc7c08dcb'),(39,'ptgiang@ioit.ac.vn','Phạm Thanh Giang','Viện Hàn lâm KH&CN VN','d2488f4971f3095122dc511245424e640d5ab9e431d455972ad54cfdc7c08dcb'),(40,'hoanganh1606@gmail.com','Nguyễn Thế Hoàng Anh','Bộ KH&CN Việt Nam','d2488f4971f3095122dc511245424e640d5ab9e431d455972ad54cfdc7c08dcb');
/*!40000 ALTER TABLE `guestadvisor` ENABLE KEYS */;
UNLOCK TABLES;

--
-- Table structure for table `project`
--

DROP TABLE IF EXISTS `project`;
/*!40101 SET @saved_cs_client     = @@character_set_client */;
/*!40101 SET character_set_client = utf8 */;
CREATE TABLE `project` (
  `idProject` int(11) NOT NULL AUTO_INCREMENT,
  `title` text,
  `idProjecttype` int(11) DEFAULT NULL,
  `idSemester` int(11) DEFAULT NULL,
  `status` varchar(20) DEFAULT NULL,
  `grade` float DEFAULT NULL,
  PRIMARY KEY (`idProject`),
  KEY `idProjecttype` (`idProjecttype`),
  KEY `idSemester` (`idSemester`),
  CONSTRAINT `project_ibfk_1` FOREIGN KEY (`idProjecttype`) REFERENCES `projecttype` (`idProjecttype`),
  CONSTRAINT `project_ibfk_2` FOREIGN KEY (`idSemester`) REFERENCES `semester` (`idSemester`)
) ENGINE=InnoDB AUTO_INCREMENT=1731 DEFAULT CHARSET=utf8;
/*!40101 SET character_set_client = @saved_cs_client */;

--
-- Dumping data for table `project`
--

LOCK TABLES `project` WRITE;
/*!40000 ALTER TABLE `project` DISABLE KEYS */;
INSERT INTO `project` VALUES (50,'dự án công nghệ d1',18,154,'on-going',NULL),(51,'du an cong nghe',18,97,'on-going',NULL),(57,'a',NULL,NULL,'on-going',NULL),(61,'khoa luan 3',17,152,'on-going',NULL),(62,'DỰ ÁN ',18,97,'on-going',NULL),(63,'khóa luận tốt nghiệp',17,97,'on-going',NULL),(64,'du an 3',17,97,'on-going',NULL),(65,'A cool idea',17,154,'on-going',NULL),(1294,'Xây dựng ứng dụng luyện học Tiếng Anh.',17,155,'on-going',NULL),(1295,'Phát triển phần mềm hỗ trợ nghiệp vụ đón khách trung chuyển',17,155,'on-going',NULL),(1296,'Xây dựng công cụ tự động hoàn thành câu lệnh Java',17,155,'on-going',NULL),(1297,'Hệ thống giám sát và cảnh báo bất thường cho máy chủ',17,155,'on-going',NULL),(1298,'Hệ thống quản lý tài nguyên mạng trên nền tảng Kubernetes',17,155,'on-going',NULL),(1299,'học đa tác vụ cho bài toán xác định đồng thời vị trí và hướng đầu người',17,155,'on-going',NULL),(1300,'Xây dựng công cụ hỗ trợ generate code back end',17,155,'on-going',NULL),(1301,'LibKluzzer: Công cụ sinh dữ liệu kiểm thử tự động',17,155,'on-going',NULL),(1302,'Phương pháp sinh phản ví dụ nhằm nâng cao chất lượng cho các hệ thống học máy',17,155,'on-going',NULL),(1303,'Một số cải tiến phương pháp sinh dữ liệu Kiểm thử cho các dự án C/C++ dựa trên phân tích mã nguồn',17,155,'on-going',NULL),(1304,'Kỹ thuật lọc trong hệ tư vấn dựa trên ontology',17,155,'on-going',NULL),(1305,'Xây dựng công cụ giám sát tự động trạng thái các API trên Kubernetes',17,155,'on-going',NULL),(1306,'Khôi phục ảnh địa chấn',17,155,'on-going',NULL),(1307,'Xây dựng công cụ kiểm lỗi chính tả cho Microsoft Office',17,155,'on-going',NULL),(1308,'A Haar wavelet based method for multi-colored chanel image segmentation',17,155,'on-going',NULL),(1309,'Phát triển công cụ phát hiện và hỗ trợ khai thác các lỗ hổng an ninh Web',17,155,'on-going',NULL),(1310,'Semantic relation classification via graph Transfomer networks',17,155,'on-going',NULL),(1311,'Heuristic Algorithms for the Quadratic Traveling Salesman Problem with an application in bioinformatics',17,155,'on-going',NULL),(1312,'Sử dụng dữ liệu tương tác từ mạng xã hội để tùy chỉnh quảng cáo và hiển thị sản phẩm cho trang web kinh doanh đồ điện tử',17,155,'on-going',NULL),(1313,'Nghiên cứu và xây dựng mô hình ước tính nồng độ bụi PM2.5 độ phân giải cao trên khu vực Hà Nội',17,155,'on-going',NULL),(1314,'Một số phương pháp tái cấu trúc mã nguồn cho tối ưu các chương trình C',17,155,'on-going',NULL),(1315,'Một số phương pháp tái cấu trúc mã nguồn cho song song hóa các chương trình C',17,155,'on-going',NULL),(1316,'Phân tích sự ảnh hưởng của biến toàn cục tới khả năng song song hóa của các chương trình C',17,155,'on-going',NULL),(1317,'Chuẩn hoá tiếng việt trong văn bản mạng xã hội',17,155,'on-going',NULL),(1318,'Xây dựng công cụ hỗ trợ phương pháp kiểm thử động cho dự án Typescript',17,155,'on-going',NULL),(1319,'Xây dựng hệ thống quản lý chương trình đào tạo dựa trên nền tảng web',17,155,'on-going',NULL),(1320,'Xây dựng hệ thống giám sát môi trường bằng mạng cảm biến không dây và Arduino',17,155,'on-going',NULL),(1321,'An Agent-based Centralized Configuration System for Network Accessibility and Quality of Service with OpenWRT Wireless Access Points',17,155,'on-going',NULL),(1322,'Nông sản Việt - ứng dụng mua bán sản phẩm nông nghiệp online',17,155,'on-going',NULL),(1323,'Detecting and Identifying Faulty IoT Devices in Smart Home Base On Frequent Itemset',17,155,'on-going',NULL),(1324,'Đề án nâng cấp, số hóa quản lý thông tin chuỗi hệ thống tiêu thụ và logistic tại VICEM',17,155,'on-going',NULL),(1325,'Xây dựng trang web mô tả thuật toán',17,155,'on-going',NULL),(1326,'Passport information extraction, storage and identification system',17,155,'on-going',NULL),(1327,'Phục chế ảnh bằng cách phương pháp học máy',17,155,'on-going',NULL),(1328,'Các phương pháp phân lớp mức độ nghiêm trọng của bệnh COVI-19 dựa trên ảnh chụp x-quang ngực',17,155,'on-going',NULL),(1329,'Áp dụng ngôn ngữ DSL trong việc ra bài tập thực hành cho hệ thống OASIS',17,155,'on-going',NULL),(1330,'Keyphrase extraction',17,155,'on-going',NULL),(1331,'Information extraction from CV',17,155,'on-going',NULL),(1332,'Truy xuất nguồn gốc thực phẩm - phần giao diện người dùng.',17,155,'on-going',NULL),(1333,'Truy xuất nguồn gốc thực phẩm - phần máy chủ',17,155,'on-going',NULL),(1334,'Hệ thống giám sát trạm biến áp từ trung tâm',17,155,'on-going',NULL),(1335,'Xây dựng sàn giao dịch nông sản',17,155,'on-going',NULL),(1336,'Nghiên cứu thực trạng quy trình phát triển phần mềm và đề xuất áp dụng chuẩn chất lượng quốc tế tại Trung tâm Không gian mạng Viettel',17,155,'on-going',NULL),(1337,'Nghiên cứu phát triển hệ thống quản lý giấy tờ trên nền tảng chuỗi khối tezos',17,155,'on-going',NULL),(1338,'Xây dựng hệ thống hỗ trợ chẩn đoán bệnh',17,155,'on-going',NULL),(1339,'Japanese handwritten characters dataset generation using Deep Learning',17,155,'on-going',NULL),(1340,'Food leftover detection with deep learning',17,155,'on-going',NULL),(1341,'Receipt Data Extraction',17,155,'on-going',NULL),(1342,'Design Data warehouse for data mining in Food & Beverage',17,155,'on-going',NULL),(1343,'Hệ thống đề xuất chương trình tập luyện thể dục',17,155,'on-going',NULL),(1344,'Research and develop ground control system for unmanned aircraft vehicles',17,155,'on-going',NULL),(1345,'The quadratic traveling salesman problem',17,155,'on-going',NULL),(1346,'The rescheduling school bus routing problem with aconstraint on the number of students with negative impact',17,155,'on-going',NULL),(1347,'New neighborhoods for vehicle routing problem',17,155,'on-going',NULL),(1348,'Nghiên cứu giải quyết một số bài toán tối ưu hoạt động cảng biển',17,155,'on-going',NULL),(1349,'Xây dựng hệ thống front-end quản lý sản phẩm khoa học trong trường đại học.',17,155,'on-going',NULL),(1350,'Xây dựng hệ thống ERP quản lý cây xanh',17,155,'on-going',NULL),(1351,'Kỹ thuật thủy vân số và ứng dụng',17,155,'on-going',NULL),(1352,'Nghiên cứu sơ đồ chữ ký trên đường cong Elliptic và ứng dụng',17,155,'on-going',NULL),(1353,'Nghiên cứu, xây dựng mô hình dự đoán điểm đánh giá trên trang thương mại điện tử Tiki.vn',17,155,'on-going',NULL),(1354,'Hệ thống tìm kiếm việc làm từ các tài nguyên có sẵn.',17,155,'on-going',NULL),(1355,'Nghiên cứu quá trình mã hóa và xử lí dữ liệu y tế trên điện toán đám mây',17,155,'on-going',NULL),(1356,'Nghiên cứu hệ mật ECIES và ứng dụng',17,155,'on-going',NULL),(1357,'Phát triển hệ thống tính điểm bằng lái xe và xử phạt nguội vi phạm luật giao thông đường bộ trên nền tảng blockchain',17,155,'on-going',NULL),(1358,'Nghiên cứu và xây dựng hệ chữ ký số trên hệ mật mã CKKS',17,155,'on-going',NULL),(1359,'Khử nhiễu EMG trong tín hiệu điện não.',17,155,'on-going',NULL),(1360,'Triển lãm ảo: Văn hóa Việt Nam qua trang phục truyền thống.',17,155,'on-going',NULL),(1361,'Thay đổi độ tuổi cho mô hình nhân vật',17,155,'on-going',NULL),(1362,'Tracking Human As Points',17,155,'on-going',NULL),(1363,'Dicom server',17,155,'on-going',NULL),(1364,'Hệ thống xử lý ảnh trong y tế',17,155,'on-going',NULL),(1365,'Nâng cao hiệu quả phát hiện thâm nhập sử dụng phương pháp tương quan giữa các cảnh báo',17,155,'on-going',NULL),(1366,'Nghiên cứu chuyển động: Ứng dụng tự động tạo chuyển động cho nhân vật rối nước.',17,155,'on-going',NULL),(1367,'Nghiên cứu vấn đề hiệu năng trong môi trường VR.',17,155,'on-going',NULL),(1368,'Chuyển động của nhân vật 3D',17,155,'on-going',NULL),(1369,'Chẩn đoán bệnh của cây trồng/hoa quả dựa trên xử lý ảnh',17,155,'on-going',NULL),(1370,'Deeplearning approach for object detetection in scanned documents',17,155,'on-going',NULL),(1371,'A generative adversarial network for crop/weed segmentation in precision farming',17,155,'on-going',NULL),(1372,'Reading care label on garments using deep learning',17,155,'on-going',NULL),(1373,'Text/Graphics separation for document images using deep learning',17,155,'on-going',NULL),(1374,'A deep learning approach for recognizing table structure in document images',17,155,'on-going',NULL),(1375,'Nhận diện ngôn ngữ sử dụng Deep Learning',17,155,'on-going',NULL),(1376,'Phát triển ứng dụng giả lập hệ thống máng ăn chính xác',17,155,'on-going',NULL),(1377,'Xây dựng và phát triển game trên nền tảng Godot',17,155,'on-going',NULL),(1378,'Xây dựng hệ thống hỗ trợ tương tác của Khách hàng với các Nhà hàng',17,155,'on-going',NULL),(1379,'Xây dựng Hệ thống quản lý ca làm việc',17,155,'on-going',NULL),(1380,'Hệ thống quản lý đơn hàng, nâng cao hiệu suất cho cửa hàng trực tuyến',17,155,'on-going',NULL),(1381,'Hệ thống lọc, đánh giá và đề xuất thành tích theo bộ tiêu chí',17,155,'on-going',NULL),(1382,'Xây dựng cổng thông tin quản lý hồ sơ cán bộ và giải quyết thủ tục hành chính',17,155,'on-going',NULL),(1383,'Xây dựng hệ thống hỗ trợ giám tuyển dữ liệu tiếng Việt sử dụng các kỹ thuật học máy tiên tiến',17,155,'on-going',NULL),(1384,'Xây dựng mô hình phân tích hành vị khách hàng phục vụ bài toán cho vay tín chấp',17,155,'on-going',NULL),(1385,'Robust segmentation with active learning',17,155,'on-going',NULL),(1386,'Music Generation',17,155,'on-going',NULL),(1387,'Hệ thống chuyển đổi đa định dạng ảnh y tế',17,155,'on-going',NULL),(1388,'Hệ thống lưu trữ ảnh y tế đa nền tảng',17,155,'on-going',NULL),(1389,'Hệ thống xác thực người dùng và dữ liệu ảnh y tế',17,155,'on-going',NULL),(1390,'Xác định hành vi bạo lực học đường từ camera giám sát',17,155,'on-going',NULL),(1391,'Phát triển Proxy as a Service trên hệ thống Openstack private cloud',17,155,'on-going',NULL),(1392,'Phát triển ứng dụng di động hỗ trợ kinh doanh xăng dầu',17,155,'on-going',NULL),(1393,'Tìm hiểu khung ứng dụng Django và xây dựng hệ thống đánh giá các trường đại học',17,155,'on-going',NULL),(1394,'Tìm hiểu Apache Kudu và ứng dụng để xây dựng công cụ lưu trữ hành vi người dùng ',17,155,'on-going',NULL),(1395,'Xây dựng công cụ kiểm thử cho ứng dụng dựa trên React',17,155,'on-going',NULL),(1396,'So sánh các công cụ hỗ trợ kiểm thử tải cho ứng dụng Web',17,155,'on-going',NULL),(1397,'Xây dựng công cụ trích xuất cấu trúc văn bản tiếng Việt',17,155,'on-going',NULL),(1398,'Công cụ tìm kiếm cho các văn bản và dữ liệu học thuật',17,155,'on-going',NULL),(1399,'Nghiên cứu mô hình tác tử cho dịch vụ đi chung xe',17,155,'on-going',NULL),(1400,'Khai phá thói quen hàng ngày cho dịch vụ đi chung xe ',17,155,'on-going',NULL),(1401,'Khai Phá Hành Vi Hoạt Động Của Con Người Cho Dịch Vụ Đi Chung Xe ',17,155,'on-going',NULL),(1402,'Nghiên cứu phương pháp đường đi đơn giản nhất cho dịch vụ đi chung xe ',17,155,'on-going',NULL),(1403,'Hệ thống tư vấn',17,155,'on-going',NULL),(1404,'Học suốt đời với Chatbot',17,155,'on-going',NULL),(1405,'Nghiên cứu mô hình học sâu áp dụng vào hệ tư vấn',17,155,'on-going',NULL),(1406,'Học suốt đời, học khi làm việc trong chatbot',17,155,'on-going',NULL),(1407,'Mô hình học thế giới mở với chatbot',17,155,'on-going',NULL),(1408,'Học suốt đời với chatbot ',17,155,'on-going',NULL),(1409,'Kỹ thuật lọc kết hợp trong hệ tư vấn',17,155,'on-going',NULL),(1410,'Kỹ thuật học sâu trong hệ tư vấn',17,155,'on-going',NULL),(1411,'Phân tích quan điểm người dùng',17,155,'on-going',NULL),(1412,'Kỹ thuật giải quyết vấn đề khởi đầu nguội trong Hệ thống tư vấn ',17,155,'on-going',NULL),(1413,'Kỹ thuật xác định điểm quan tâm trong Hệ thống tư vấn',17,155,'on-going',NULL),(1414,'Kỹ thuật học sâu phát hiện tin giả',17,155,'on-going',NULL),(1415,'Xây dựng hệ thống quản lý và trả kết quả xét nghiệm gen',17,155,'on-going',NULL),(1416,'Mạng cảm biến không dây sử dụng cho việc giám sát sức khỏe con người',17,155,'on-going',NULL),(1417,'Đánh giá hiệu năng của giao thức mạng Jigbee',17,155,'on-going',NULL),(1418,'Đảm bảo chất lượng cho dịch vụ truyền thông đa phương tiện',17,155,'on-going',NULL),(1419,'Dự báo rủi ro tín dụng dựa trên bộ dự liệu lending club',17,155,'on-going',NULL),(1420,'Ứng dụng của mô hình SVM và PSO trong phân tích dữ liệu Lending Club',17,155,'on-going',NULL),(1421,'Ứng dụng mô hình học sâu trong phân tích xu hướng giá chứng khoán',17,155,'on-going',NULL),(1422,'Dự báo rủi ro tín dụng Lending Club dựa trên công nghệ học máy',17,155,'on-going',NULL),(1423,'Xây dựng mô hình dự đoán chứng khoán dựa trên mô hình rừng ngẫu nhiên',17,155,'on-going',NULL),(1424,'Dự đoán xu hướng giá chứng khoán dựa trên mô hình máy vector hỗ trợ',17,155,'on-going',NULL),(1425,'Nghiên cứu một số phương pháp tìm đường đi tối ưu',17,155,'on-going',NULL),(1426,'Methodologies for detection of circular RNAs from RNA-sequencing data',17,155,'on-going',NULL),(1427,'Xây dựng trang web thu thập, quản lý các chỉ số đánh giá năng lực học sinh',17,155,'on-going',NULL),(1428,'Xây dựng ứng dụng quản lý nhà hàng',17,155,'on-going',NULL),(1429,'App thời tiết',17,155,'on-going',NULL),(1430,'Ứng dụng của IoT trong triển khai xây dựng đặt tour Du lịch thông minh',17,155,'on-going',NULL),(1431,'Ứng dụng IoT cho nhà thông minh',17,155,'on-going',NULL),(1432,'Xây dựng website thương mại điện tử với Laravel',17,155,'on-going',NULL),(1433,'Hệ thống quản lý quy trình sản xuất trong nhà màng',17,155,'on-going',NULL),(1434,'Xây dựng trang Web quản lý đề tài khoa học công nghệ cho trường đại học',17,155,'on-going',NULL),(1435,'Theo dõi lượng điện tiêu thụ trong các lớp học sử dụng công tơ điện tử',17,155,'on-going',NULL),(1436,'Ứng dụng IoT trong theo dõi cây trồng- Chứng thực nguồn gốc nông sản',17,155,'on-going',NULL),(1437,'Ứng dụng thống kê các bài báo của các giảng viên Trường ĐH Công nghệ trên Google Scholar',17,155,'on-going',NULL),(1438,'Website tuyển dụng',17,155,'on-going',NULL),(1439,'Điều khiển truy nhập VoLTE khi tải cao',17,155,'on-going',NULL),(1440,'Đánh giá hiệu năng của phương pháp tái cấp kênh chủ động trong mạng truyền thông di động D2D.',17,155,'on-going',NULL),(1441,'Phương pháp thu thập, khai thác và mô hình hoá dữ liệu quản trị doanh nghiệp bằng các công cụ trong hệ sinh thái PowerApps của Microsoft',17,155,'on-going',NULL),(1442,'Phát triển dịch vụ quản lý khách hàng trên nền tảng Web',17,155,'on-going',NULL),(1443,'Xây dựng hệ thống tổng hợp báo cáo kết quả tham dò quét lỗ hổng bảo mật',17,155,'on-going',NULL),(1444,'Ứng dụng học máy trong lập trình trò chơi đá bóng',17,155,'on-going',NULL),(1445,'Nghiên cứu và xây dựng mô hình dự báo nồng độ PM2.5 trên khu vực Việt Nam sử dụng dữ liệu đa nguồn',17,155,'on-going',NULL),(1446,'Nghiên cứu và thử nghiệm phương pháp hiệu chỉnh dữ liệu lượng mưa từ ảnh vệ tinh đa nguồn',17,155,'on-going',NULL),(1447,'Ứng dụng đặt suất ăn cho nhà hàng,khách sạn,nhà cung cấp dịch vụ',17,155,'on-going',NULL),(1448,'Nghiên cứu các phương pháp học máy áp dụng cho bài toán gán nhãn doanh nghiệp',17,155,'on-going',NULL),(1449,'Hệ thống tăng cường tương tác với người học EQuiz',17,155,'on-going',NULL),(1450,'Trang web học , luyện tập từ vựng tiếng anh',17,155,'on-going',NULL),(1451,'Nghiên cứu một số phương pháp khuyến nghị ứng dụng trong bài toán dự đoán kết quả học tập',17,155,'on-going',NULL),(1452,'Nghiên cứu công cụ Django và áp dụng phát triển front-end cho bài toán dự báo kết quả học tập',17,155,'on-going',NULL),(1453,'Xây dựng hệ thống giúp nâng cao vốn từ vựng và khả năng sử dụng tiếng Việt',17,155,'on-going',NULL),(1454,'Ứng dụng web quản lý kế hoạch học tập cá nhân',17,155,'on-going',NULL),(1455,'Website đọc sách cho trẻ em',17,155,'on-going',NULL),(1456,'Phát triển hệ thống học trực tuyến đại chúng mở (MOOC) trên nền tảng edX',17,155,'on-going',NULL),(1457,'Hệ thống quản lý điểm rèn luyện sinh viên',17,155,'on-going',NULL),(1458,'Hệ thống khảo sát trực tuyến',17,155,'on-going',NULL),(1459,'Hệ thống đánh giá theo tiêu chí Rubrics',17,155,'on-going',NULL),(1460,'Xây dựng hệ thống phản hồi trong lớp học dựa trên trò chơi',17,155,'on-going',NULL),(1461,'Hệ thống hỗ trợ sinh viên làm bài tập nhóm',17,155,'on-going',NULL),(1462,'Một số cải tiến công cụ sinh dữ liệu kiểm thử tự động cho các dự án TypeScript',17,155,'on-going',NULL),(1463,'Xây dựng hệ thống quản lý giờ nghiên cứu khoa học cho Trường Đại học Công nghệ, ĐHQGHN',17,155,'on-going',NULL),(1464,'Xây dựng hệ thống quản lý giờ giảng dạy cho Trường Đại học Công nghệ, ĐHQGHN',17,155,'on-going',NULL),(1465,'Xây dựng hệ thống quản lý các chương trình đào tạo cho Trường đại học Công nghệ, ĐHQGHN',17,155,'on-going',NULL),(1466,'Hệ thống hỗ trợ quản lí sân thể thao cho chủ sân và người chơi ',17,155,'on-going',NULL),(1467,'Quản lý nhân sự công ty trên web',17,155,'on-going',NULL),(1468,'Bài toán tối ưu hóa thời gian và chi phí việc đi xe chung trong thành phố',17,155,'on-going',NULL),(1469,'Ứng dụng menu đa ngôn ngữ',17,155,'on-going',NULL),(1470,'Trang web quản lý thông tin thỏa thuận hợp tác',17,155,'on-going',NULL),(1471,'Quản lý nhà hàng',17,155,'on-going',NULL),(1472,'Hệ thống đặt món ăn trong phạm vi nhà hàng.',17,155,'on-going',NULL),(1473,'Xây dựng hệ thống cung cấp, trao đổi thông tin cho sinh viên',17,155,'on-going',NULL),(1474,'Representation learning for graph data',17,155,'on-going',NULL),(1475,'Nghiên cứu cá nhân hóa chatbot thông minh trong bán hàng online',17,155,'on-going',NULL),(1476,'Learning to Transform Natural Language Queries into SQL Commands',17,155,'on-going',NULL),(1477,'Xây dựng UI cho website học ngôn ngữ mới',17,155,'on-going',NULL),(1478,'Ứng dụng di động học ngoại ngữ ',17,155,'on-going',NULL),(1479,'Xây dựng hệ thống truy xuất nguồn gốc sản phẩm: Web App ',17,155,'on-going',NULL),(1480,'Đánh giá một số nền tảng chuỗi khối phù hợp cho bài toán truy xuất nguồn gốc. ',17,155,'on-going',NULL),(1481,' Phát triển ứng dụng Học bạ điện tử dựa trên công nghệ blockchain',17,155,'on-going',NULL),(1482,'XÂY DỰNG WEBSITE HỖ TRỢ HỌC TẬP BẰNG NEXTJS',17,155,'on-going',NULL),(1483,'Xây dựng hệ thống truy xuất nguồn gốc sản phẩm: Mobile App',17,155,'on-going',NULL),(1484,'Ứng dụng hỗ trợ bán xe ô tô',17,155,'on-going',NULL),(1485,'Hệ thống vay tiền Online (Lending System)',17,155,'on-going',NULL),(1486,'Hệ thống vay tiền online (Lending system)',17,155,'on-going',NULL),(1487,'Ứng dụng đặt phòng khách sạn, tour du lịch Mustgo',17,155,'on-going',NULL),(1488,'Nghiên cứu, xây dựng ứng dụng di động theo dõi dông sét tại Việt Nam. ',17,155,'on-going',NULL),(1489,'Xấy dựng công cụ tạo báo cáo',17,155,'on-going',NULL),(1490,'Dự án truy xuất nguồn gốc ',17,155,'on-going',NULL),(1491,'Ứng dụng thực tế tăng cường trong giáo dục',17,155,'on-going',NULL),(1492,'Xây dựng giao diện clone hệ thống học tiếng anh Duolingo',17,155,'on-going',NULL),(1493,'Ứng dụng Mock Chat (ứng dụng nhắn tin giao lưu kết bạn)',17,155,'on-going',NULL),(1494,'Xây dựng và phát triển chatbot để giải quyết các vấn đề văn phòng',17,155,'on-going',NULL),(1495,'Xây dựng ứng dụng web đặt vé tham quan du lịch theo địa danh',17,155,'on-going',NULL),(1496,'UniSec ChatBot( chat bot hỗ trợ học sinh lựa chọn trường đại học phù hợp với yêu cầu )',17,155,'on-going',NULL),(1497,'Hệ thống đặt sân bóng đá và bắt đối trực tuyến',17,155,'on-going',NULL),(1498,'Xây dựng Web Service cho nền tảng quản lý và giám sát Ô tô',17,155,'on-going',NULL),(1499,'Xây dựng công cụ kiểm thử tự động các ứng dụng web',17,155,'on-going',NULL),(1500,'Phát triển phần Web và API cho ứng dụng Memo',17,155,'on-going',NULL),(1501,'Xây dựng framework tổ chức sự kiện trực tuyến',17,155,'on-going',NULL),(1502,'Beauty-Line',17,155,'on-going',NULL),(1503,'Website tìm người ở ghép (Front-end)',17,155,'on-going',NULL),(1504,'Ứng dụng xem và đăng tải video học tập trên di động',17,155,'on-going',NULL),(1505,'Ứng dụng xem thông tin và đánh giá hàng hoá',17,155,'on-going',NULL),(1506,'Customer relationship management system',17,155,'on-going',NULL),(1507,'Nghiên cứu các phương pháp bảo mật trong các hệ thống web',17,155,'on-going',NULL),(1508,'Nghiên cứu các phương pháp học máy tiên tiến và ứng dụng trong bài toán dự đoán bệnh',17,155,'on-going',NULL),(1509,'Trang web quản lý thông tin thỏa thuận hợp tác',17,155,'on-going',NULL),(1510,'Áp dụng Selenium và Webdriver cho webapp automation test',17,155,'on-going',NULL),(1511,'Thư viện hộ trợ triển khai hệ thống microservice',17,155,'on-going',NULL),(1512,'Xây dựng thư viện bảng tính cho các web',17,155,'on-going',NULL),(1513,'Phát triển dịch vụ sinh mã Captcha cho các ứng dụng web',17,155,'on-going',NULL),(1514,'Hệ thống quản lý và điều phối tài sản thông minh',17,155,'on-going',NULL),(1515,'Xây dựng hệ thống quản lý chỉ tiêu nhiệm vụ Trường ĐHCN',17,155,'on-going',NULL),(1516,'Hệ thống từ điển tiếng Nhật hỗ trợ học từ vựng và ngữ pháp',17,155,'on-going',NULL),(1517,'Hệ Thống Nhắn tin tự động hỗ trợ Quản Lý Công Việc Giảng Dạy',17,155,'on-going',NULL),(1518,'Xây dựng ứng dụng trên Web quản lý cấp phát địa chỉ IP động (DHCP)',17,155,'on-going',NULL),(1519,'Dự đoán thị trường chứng khoán',17,155,'on-going',NULL),(1520,'Xây dựng ứng dụng học tập trực tuyến trên website ',17,155,'on-going',NULL),(1521,'Bài toán tối ưu vận chuyển bằng ô tô trong thành phố',17,155,'on-going',NULL),(1522,'Hệ thống quản lý trung tâm luyện thi đại học, cao đẳng',17,155,'on-going',NULL),(1523,'Xây dựng mô hình dự báo khách hàng rời mạng viễn thông dựa trên học máy',17,155,'on-going',NULL),(1524,'Dự đoán điểm tín dụng khách hàng bằng phương pháp học máy',17,155,'on-going',NULL),(1525,'Dự đoán giá trị vòng đời khách hàng bằng phương pháp học máy',17,155,'on-going',NULL),(1526,'Xây dựng ứng dụng quản lý thời khóa biểu cho giảng viên, sinh viên của trường Đại học Công nghệ',17,155,'on-going',NULL),(1527,'Xây dựng ứng dụng theo dõi, quản lý các phòng thực hành máy tính',17,155,'on-going',NULL),(1528,'Xây dựng trang web dịch tiếng Anh',17,155,'on-going',NULL),(1529,'Website học tiếng anh',17,155,'on-going',NULL),(1530,'Website quản lý gia phả',17,155,'on-going',NULL),(1531,'Cá nhân hóa sinh mô tả sản phẩm với mô hình học sâu GPT-2',17,155,'on-going',NULL),(1533,'Hệ thống bộ đàm PoC',17,155,'on-going',NULL),(1534,'Hệ thông bộ đàm PoC',17,155,'on-going',NULL),(1535,'Hệ thống quản lý và điều vận xe buýt ',17,155,'on-going',NULL),(1536,'Hệ thống quản lý và điều vận xe buýt',17,155,'on-going',NULL),(1537,'Nghiên cứu và xây dựng hệ thống WebGIS hiển thị và chia sẻ dữ liệu khí tượng đa nguồn sử dụng công nghệ ArcGIS Server và Meteor',17,155,'on-going',NULL),(1538,'Nghiên cứu và xây dựng hệ thống WebGIS hiển thị bản đồ chất lượng không khí đa nguồn sử dụng công nghệ ArcGIS Server và Meteor',17,155,'on-going',NULL),(1539,'Nghiên cứu và xây dựng mô hình phân lớp lúa cho khu vực Đồng bằng Sông Hồng sử dụng học máy thống kê và dữ liệu viễn thám đa nguồn',17,155,'on-going',NULL),(1540,'Nghiên cứu và xây dựng mô hình phân loại các khu vực ngập lụt sử dụng học máy thống kê và dữ liệu viễn thám đa nguồn',17,155,'on-going',NULL),(1541,'Xây dựng ứng dụng luyện cảm âm',17,155,'on-going',NULL),(1542,'Xây dựng hệ thống đăng ký thi tại trung tâm khảo thí - ĐHQGHN',17,155,'on-going',NULL),(1543,'Xây dựng cổng thông tin khảo thí trong Đại học Quốc gia Hà Nội',17,155,'on-going',NULL),(1544,'Xây dựng hệ thống hỏi đáp tư vấn nấu ăn',17,155,'on-going',NULL),(1545,'Nghiên cứu các phương pháp học máy tin tiến và ứng dụng vào bài toán khai phá quan điểm tiếng Việt',17,155,'on-going',NULL),(1546,'Quản lý kho hàng',17,155,'on-going',NULL),(1547,'Xây dựng công cụ đóng góp dữ liệu địa chỉ cho bản đồ số Việt Nam - Vmap (Web)',17,155,'on-going',NULL),(1548,'tìm kiếm đối tượng dựa trên đặc tính của đối tượng và ràng buộc của người dùng',17,155,'on-going',NULL),(1549,'Gợi ý sửa lỗi tìm kiếm địa danh cho VMap',17,155,'on-going',NULL),(1550,'Nghiên cứu kỹ thuật kiểm thử hướng hành vi và áp dụng trong kiểm thử ứng dụng web cho nền tảng cung cấp dịch vụ dữ liệu địa chỉ Việt Nam',17,155,'on-going',NULL),(1551,'Xây dựng công cụ phân tích dữ liệu không gian cho bản đồ số.',17,155,'on-going',NULL),(1552,'Xây dựng hệ thống thông tin nhà trọ sinh viên',17,155,'on-going',NULL),(1553,'Kiểm thử phần mềm trên thiết bị di động và ứng dụng phần mềm APPIUM STUDIO cho ứng dụng trên ANDROID',17,155,'on-going',NULL),(1554,'Phân lớp địa điểm cho bản đồ số Vmap',17,155,'on-going',NULL),(1555,'Nghiên cứu kỹ thuật kiểm thử đột biến và áp dụng trong kiểm thử ứng dụng di động cho nền tảng cung cấp dịch vụ dữ liệu địa chỉ Việt Nam',17,155,'on-going',NULL),(1556,'Nghiên cứu và phát triển nền tảng hợp đồng điện tử trong lĩnh vực vận tải hành khách.',17,155,'on-going',NULL),(1557,'Nghiên cứu kỹ thuật kiểm thử hướng hành vi và áp dụng trong kiểm thử ứng dụng web cho nền tảng cung cấp dịch vụ dữ liệu địa chỉ Việt Nam',17,155,'on-going',NULL),(1558,'Xây dựng công cụ phân tích dữ liệu không gian cho bản đồ số.',17,155,'on-going',NULL),(1559,'Phát triển công cụ hỗ trợ sinh chế tác từ đặc tả ca sử dụng',17,155,'on-going',NULL),(1560,'Tích hợp dịch vụ xử lý văn bản cùa Google vào phân hệ tạo đề thi trắc nghiệm',17,155,'on-going',NULL),(1561,'Tìm hiểu và vận dụng ngôn ngữ chuyển đổi từ mô hình sang văn bản Acceleo',17,155,'on-going',NULL),(1562,'Tìm hiểu và thực nghiệm phương pháp kỹ nghệ ngôn ngữ phần mềm trên khung mô hình hóa EMF',17,155,'on-going',NULL),(1563,'Tìm hiểu kiến trúc microservice và vận dụng vào phần mềm hỗ trợ học phần phân tích thiết kế hướng đối tượng',17,155,'on-going',NULL),(1564,'Vận dụng công nghệ chuỗi khối vào bài toán lần vết sản phẩm',17,155,'on-going',NULL),(1565,'Phát triển một số chức năng chính cho phần mềm lần vết sản phẩm.',17,155,'on-going',NULL),(1566,'Phát triển một số chức năng chính cho phần mềm lần vết sản phẩm.',17,155,'on-going',NULL),(1567,'Trích xuất tác nhân gây bệnh từ dữ liệu y văn sử dụng kỹ thuật học sâu',17,155,'on-going',NULL),(1569,'Phát hiện kháng kháng sinh sử dụng kỹ thuật học sâu',17,155,'on-going',NULL),(1570,'Bài toán xây dựng hệ thống quản lý văn phòng cho công ty',17,155,'on-going',NULL),(1571,'website học trực tuyến',17,155,'on-going',NULL),(1573,'Xây dựng thư viện chức năng quản lý nhà thông minh',17,155,'on-going',NULL),(1574,'Xây dựng giao diện chức năng quản lý nhà thông minh',17,155,'on-going',NULL),(1575,'Triển khai công cụ giám sát log cho hệ thống quản lý nhà hàng',17,155,'on-going',NULL),(1576,' Triển khai hệ thống quản lý log đa kênh',17,155,'on-going',NULL),(1577,'Ứng dụng bản đồ số xây dựng website tìm kiếm và cho thuê bất động sản khu vực Hà Nội',17,155,'on-going',NULL),(1578,'Xây dựng công cụ hỗ trợ tương tác đa kênh với khách hàng',17,155,'on-going',NULL),(1579,'Triển khai kho dữ liệu phục vụ đánh giá hiệu quả kinh doanh nhà hàng - phần backend',17,155,'on-going',NULL),(1580,'Triển khai kho dữ liệu phục vụ đánh giá hiệu quả kinh doanh nhà hàng - phần frontend',17,155,'on-going',NULL),(1581,'Hệ thống đặt món ăn trong phạm vi nhà hàng.',17,155,'on-going',NULL),(1582,'Xây dựng hệ thống lập thời khóa biểu tự động cho trường đại học',17,155,'on-going',NULL),(1583,'Xây dựng hệ thống back-end quản lý sản phẩm khoa học trong trường đại học',17,155,'on-going',NULL),(1584,'Nghiên cứu phát triển phần mềm đa nền tảng tương tác trực quan với cây tiến hóa.',17,155,'on-going',NULL),(1585,'Phát triển Game 2D với Cocos Creator trên nền tảng Facebook Instant Games',17,155,'on-going',NULL),(1586,'Xây dựng hệ thống bảo vệ bản quyền số cho nội dung video sử dụng các giải pháp open-source',17,155,'on-going',NULL),(1587,'Tự động hóa cấu hình máy tính trong phòng thực hành - Trường Đại học Công nghệ ',17,155,'on-going',NULL),(1588,'Tối ưu mua hàng trên các trang thương mại điện tử phổ biến',17,155,'on-going',NULL),(1589,'Hệ thống giả lập nhà thông minh trên nền tảng mã nguồn mở OpenHAB',17,155,'on-going',NULL),(1590,'Cloud computing',17,155,'on-going',NULL),(1591,'Phát triển hệ thống quản lý công việc cho công nhân xây dựng',17,155,'on-going',NULL),(1592,'Ứng dụng hỗ trợ người gặp sự cố xe trên đường',17,155,'on-going',NULL),(1593,'Mạng xã hội Triumph',17,155,'on-going',NULL),(1594,'Ứng dụng di động hỗ trợ công tác cứu hộ thiên tai ',17,155,'on-going',NULL),(1595,'Xây dựng hệ thống data lake để phân tích dữ liệu với Hadoop',17,155,'on-going',NULL),(1596,'Hệ thống giới thiệu thiết kế và bán nội thất',17,155,'on-going',NULL),(1597,'Phân tích hành vi độc hại của WebAssembly',17,155,'on-going',NULL),(1598,'Ứng dụng lý thuyết IRT vào bài toán hiệu chuẩn tham số câu hỏi',17,155,'on-going',NULL),(1599,'Cân bằng đề với nhóm tương đương',17,155,'on-going',NULL),(1600,'Cân bằng đề với nhóm không tương đương',17,155,'on-going',NULL),(1601,'Hiệu chuẩn trực tuyến trong bài thi thích ứng trên máy tính',17,155,'on-going',NULL),(1602,'Tự động lập kế hoạch gia công cắt thép',17,155,'on-going',NULL),(1603,'Hệ thống bãi đỗ xe thông minh sử dụng công nghệ nhận diện biển số xe',17,155,'on-going',NULL),(1604,'Website ôn luyện tiếng Nhật cho người xuất khẩu lao động',17,155,'on-going',NULL),(1605,'Website ôn luyện tiếng Nhật cho người xuất khẩu lao động',17,155,'on-going',NULL),(1606,'Tự động phát hiện lỗ hổng an ninh trong kiểm tra hợp thức phía server',17,155,'on-going',NULL),(1607,'Nghiên cứu, xây dựng hệ thống quản lý và chia sẻ dữ liệu cho lĩnh vực Trí tuệ nhân tạo',17,155,'on-going',NULL),(1608,'Nghiên cứu, xây dựng mô hình dự báo nhu cầu bán hàng phục vụ các hệ thống quản lý quan hệ khách hàng (CRM)',17,155,'on-going',NULL),(1609,'Nghiên cứu một số phương pháp phân loại tin tức tiếng Việt',17,155,'on-going',NULL),(1610,'Hệ thống gợi ý tin tức',17,155,'on-going',NULL),(1611,'Tìm hiểu về trục tích hợp dữ liệu dựa trên nền tảng LGSP',17,155,'on-going',NULL),(1612,'phân tích nghiệp vụ về trang web quản lý tài liệu của chính phủ Nhật Bản',17,155,'on-going',NULL),(1613,'Tìm hiểu một số dịch vụ của Google Cloud',17,155,'on-going',NULL),(1614,'Tìm hiểu và đánh giá cơ sở dữ liệu CockroachDB',17,155,'on-going',NULL),(1615,'Phát triển ứng dụng di động dựa trên nền tảng Mattermost',17,155,'on-going',NULL),(1616,'Website đặt tour du lịch.',17,155,'on-going',NULL),(1617,'Ứng dụng di động học toán cho học sinh tiểu học',17,155,'on-going',NULL),(1618,'Ứng dụng mạng nơ-ron di truyền trong phát hiện người không đeo khẩu trang',17,155,'on-going',NULL),(1619,'Ước tính tạo dáng 2D bằng một phần Affinity Fields trên một video có sẵn.',17,155,'on-going',NULL),(1620,'Phân tích số liệu trong bóng đá ',17,155,'on-going',NULL),(1621,'Ứng dụng hệ mật Lattice trong chữ ký số.',17,155,'on-going',NULL),(1622,'ĐÁNH GIÁ CÁC HỆ MẬT TRÊN ĐƯỜNG CONG ELLIPTIC',17,155,'on-going',NULL),(1623,'ECDH / ECMQV',17,155,'on-going',NULL),(1624,'Hệ mật Lattices và ứng dụng',17,155,'on-going',NULL),(1625,'Phát triển triển lãm ảo đa nền tảng',17,155,'on-going',NULL),(1626,'Nghiên cứu các kĩ thuật đồ họa xây dựng khung cảnh ba chiều',17,155,'on-going',NULL),(1627,'Triển khai ứng dụng đồ họa trong môn học Địa Lý',17,155,'on-going',NULL),(1628,'Nền tảng xây dựng và tham quan triển lãm ảo 3D trên web',17,155,'on-going',NULL),(1629,'Nghiên cứu các cách thức triển khai Kiểm thử Tự động',17,155,'on-going',NULL),(1630,'Nghiên cứu phương pháp tự động phân đoạn ảnh Y tế sử dụng mạng nơ-ron với kiến trúc U-Net',17,155,'on-going',NULL),(1631,'Phát triển ứng dụng web luyện tập thể dục thể thao',17,155,'on-going',NULL),(1632,'A Haar wavelet based method for multi-colored chanel image segmentation',17,155,'on-going',NULL),(1633,'Nghiên cứu và phát triển User Interface cho ứng dụng trên nền tảng Web và Mobile',17,155,'on-going',NULL),(1634,'System for managing and tracking personal medical history',17,155,'on-going',NULL),(1635,'Xây dựng ứng dụng chat bot giải đáp quy chế của ĐH Công Nghệ, ĐHQG Hà Nội',17,155,'on-going',NULL),(1636,' Xây dựng hệ thống trị liệu rối loạn ngôn ngữ.',17,155,'on-going',NULL),(1637,'Xây dựng ứng dụng hỗ trợ trị liệu rối loạn ngôn ngữ cho trẻ em',17,155,'on-going',NULL),(1638,'Xây dựng ứng dụng hỗ trợ phổ biến thông tin mộc bản Triều Nguyễn',17,155,'on-going',NULL),(1639,'Xây dựng ứng dụng hỗ trợ trị liệu rối loạn ngôn ngữ ',17,155,'on-going',NULL),(1640,'Hệ thống phát hiện và cảnh báo bạo lực trong học đường',17,155,'on-going',NULL),(1641,'Sử dụng học sâu để trích rút thông tin về các hiểm họa an ninh mạng từ các nguồn tài liệu phi cấu trúc.',17,155,'on-going',NULL),(1643,'Giải pháp dựa trên OpenResty cho hệ thống eCommerce multi-tenant',17,155,'on-going',NULL),(1644,'Cải tiến công cụ hỗ trợ kiểm thử hồi quy cho các dự án Java',17,155,'on-going',NULL),(1645,'Ứng dụng chuyển đổi ảnh chụp chân dung sang ảnh vẽ phác thảo',17,155,'on-going',NULL),(1646,'Xây dựng ứng dụng từ điển thực vật',17,155,'on-going',NULL),(1647,'Ứng dụng dựng bản đồ 3D trong nhà cao tầng',17,155,'on-going',NULL),(1648,'Xây dựng ứng dụng theo dõi, phân tích giá nông sản tại Viêt Nam',17,155,'on-going',NULL),(1649,'Xây dựng ứng dụng phân tích loại đất dựa trên học máy',17,155,'on-going',NULL),(1650,'Explainable deep learning models for segmentation ',17,155,'on-going',NULL),(1651,'Handwritten character recognition for Vietnamese using deep learning',17,155,'on-going',NULL),(1652,'Learning augmentation for text recognition',17,155,'on-going',NULL),(1653,'Handwritten character recognition for Vietnamese using deep learning',17,155,'on-going',NULL),(1654,'Phân tích cú pháp văn bản xử lý ngôn ngữ tự nhiên',17,155,'on-going',NULL),(1655,'Question answering system',17,155,'on-going',NULL),(1656,'Cải tiến hệ thống dịch máy ít dữ liệu tài nguyên',17,155,'on-going',NULL),(1657,'Cải tiến hệ thống dịch máy ít dữ liệu tài nguyên ',17,155,'on-going',NULL),(1658,'Ứng dụng đọc truyện tranh',17,155,'on-going',NULL),(1659,'Triển khai co dãn tài nguyên cho nền tảng phân tích dữ liệu STORM',17,155,'on-going',NULL),(1660,'Tăng hiệu năng cho các ứng dụng giả lập lan truyền bệnh dịch trên đàn gia súc sử dụng điện toán phân tán',17,155,'on-going',NULL),(1661,'A study on sharing experience on a mult-agent reinforcement learning framework',17,155,'on-going',NULL),(1662,'Nghiên cứu và cải tiến mô hình mạng neuron nhị phân.',17,155,'on-going',NULL),(1663,'Ứng dụng các mô hình dựa trên đặc trưng kí tự để phân tích văn bản hán nôm',17,155,'on-going',NULL),(1664,'Xây dựng ứng dụng số hoá văn bản Hán- Nôm',17,155,'on-going',NULL),(1665,'Improving topological mapping in Graph Convolutional Networks for social recommendation',17,155,'on-going',NULL),(1666,' Đánh giá mức độ uy tín của công ty dựa trên các nguồn thông tin mở',17,155,'on-going',NULL),(1667,'Sử dụng các kĩ thuật học máy để khai phá dữ liệu địa vật lý giếng khoan trong bài toán thăm dò triển vọng dầu khí',17,155,'on-going',NULL),(1668,'Xây dựng ứng dụng nhận dạng hoá đơn trên điện thoại di động sử dụng kiến trúc microservice.',17,155,'on-going',NULL),(1669,'Hệ thống sinh câu hỏi tự động dựa trên mô hình transformer cho lĩnh vực giáo dục',17,155,'on-going',NULL),(1670,'Wedding App',17,155,'on-going',NULL),(1671,'Các nền tảng lập trình và phát triển game',17,155,'on-going',NULL),(1672,'Công cụ kiểm thử tự động CoVeriTest',17,155,'on-going',NULL),(1673,'Kỹ thuật nâng cao tải cho hệ thống Web',17,155,'on-going',NULL),(1674,'Các công cụ kiểm thử tự động giao diện ứng dụng web',17,155,'on-going',NULL),(1675,'Công cụ kiểm thử tự động Verifuzz',17,155,'on-going',NULL),(1676,'xây dựng chân dung khách hàng dựa trên dữ liệu doanh nghiệp và mạng xã hội',17,155,'on-going',NULL),(1677,'Tìm tập khách hàng tiềm năng sử dụng các kỹ thuật học máy phục vụ cho lĩnh vực bán lẻ.',17,155,'on-going',NULL),(1678,'Ứng dụng trò chuyện trực tuyến',17,155,'on-going',NULL),(1679,'Xây dựng hệ thống họp trực tuyến hỗ trợ tương tác công việc',17,155,'on-going',NULL),(1680,'Quản lý nhà hàng',17,155,'on-going',NULL),(1681,'Xây dựng công cụ quản lý sự kiện',17,155,'on-going',NULL),(1682,'Phân vùng tóc bằng phương pháp học sâu',17,155,'on-going',NULL),(1683,'Triển khai mô hình nhận diện chữ viết trên môi trường ứng dụng',17,155,'on-going',NULL),(1684,'Hệ thống phát hiện và cảnh báo bạo lực trong học đường',17,155,'on-going',NULL),(1685,'Ước lượng hướng đầu người 360 độ từ camera giám sát trên cao',17,155,'on-going',NULL),(1686,'Xây dựng hệ thống gợi ý sản phẩm cho website bán sách',17,155,'on-going',NULL),(1687,'Xây dựng hệ thống quản lý nhà hàng trên nền tảng web',17,155,'on-going',NULL),(1688,'Xây dựng hệ thống quản lý nhà hàng trên nền tảng di động',17,155,'on-going',NULL),(1689,'Hệ thống mua- bán- cho đồ cũ trên nền tảng di dộng',17,155,'on-going',NULL),(1690,'Khai phá dữ liệu sinh viên và đưa ra tư vấn chọn môn học ',17,155,'on-going',NULL),(1691,'Xây đựng hệ thống học tiếng Nhật online',17,155,'on-going',NULL),(1692,'Xây đựng hệ thống học tiếng Nhật  online ',17,155,'on-going',NULL),(1693,'Phát triển ứng dụng web thu thập và sử dụng dữ liệu',17,155,'on-going',NULL),(1694,'Xây dựng ứng dụng tách phông nền ảnh sử dụng phương pháp F, B, Alpha Matting',17,155,'on-going',NULL),(1695,'Ứng dụng thương mại điện tử',17,155,'on-going',NULL),(1696,'Xây dựng hệ thống quản lý tài sản cho Doanh nghiệp vừa và nhỏ trên môi trường Google App Script ',17,155,'on-going',NULL),(1697,'Xây dựng ứng dụng quản trị cho openstack dựa trên giải pháp single page application.',17,155,'on-going',NULL),(1698,'Hệ thống thương mại điện tử',17,155,'on-going',NULL),(1699,'Ứng dụng website thương mại điện tử',17,155,'on-going',NULL),(1700,'Data scaping và xây dựng ứng dụng từ dữ liệu',17,155,'on-going',NULL),(1701,'Phát triển module cho trang web thương mại điện tử tại Việt Nam',17,155,'on-going',NULL),(1702,'Thương mại điện tử',17,155,'on-going',NULL),(1703,'Ứng dụng học tập trực tuyến cho sinh viên',17,155,'on-going',NULL),(1704,' Ứng dụng microservice trong hệ thống quản lý kinh doanh xăng dầu.',17,155,'on-going',NULL),(1705,'Xây dựng ứng dụng di động bán hàng cho cửa hàng GAS',17,155,'on-going',NULL),(1706,'Đã đăng ký từ trước nhưng chưa kịp cập nhật trên hệ thống',17,155,'on-going',NULL),(1707,'công cụ visualize quá trình phát triển của phần mềm',17,155,'on-going',NULL),(1708,'Tìm hiểu NodeJS và ứng dụng để xây dựng hệ thống thương mại điện tử',17,155,'on-going',NULL),(1709,'Tìm hiểu Kotlin và xây dựng ứng dụng tra cứu thông tin.',17,155,'on-going',NULL),(1710,'Xây dựng công cụ hỗ trợ tạo mẫu thiết kế ba chiều',17,155,'on-going',NULL),(1711,'An ninh trong kiến trúc vi dịch vụ ',17,155,'on-going',NULL),(1712,'Xây dựng công cụ kiểm thử cho ứng dụng dựa trên Node.js',17,155,'on-going',NULL),(1713,'Xây dựng hệ thống đăng ký và quản lý khóa luận',17,155,'on-going',NULL),(1714,'Công cụ tự động thu thập dữ liệu cho hệ thống DoIT',17,155,'on-going',NULL),(1715,'Xây dựng hệ thống tìm kiếm mã nguồn',17,155,'on-going',NULL),(1716,'Xây dựng hệ thống thương mại điện tử hướng cá nhân hóa',17,155,'on-going',NULL),(1717,'Xây dựng backend cho hệ thống đánh giá & quản lý nhân viên',17,155,'on-going',NULL),(1718,'Hệ thống chăm sóc khách hàng cho công ty Viettel',17,155,'on-going',NULL),(1719,'Trang web quản lý nhà thuốc',17,155,'on-going',NULL),(1720,'Phần mềm đánh giá năng lực',17,155,'on-going',NULL),(1721,'Xây dựng công cụ tìm kiếm bằng hình ảnh tích hợp trang web thương mại điện tử',17,155,'on-going',NULL),(1722,'Nghiên cứu mô hình chia sẻ xe động',17,155,'on-going',NULL),(1723,'Tối ưu hóa tìm kiếm cho dịch vụ đi chung xe',17,155,'on-going',NULL),(1724,'Mô hình dựa vào hoạt động cho dịch vụ đi chung xe ',17,155,'on-going',NULL),(1725,'Định tuyến cho dịch vụ đi chung xe thông minh',17,155,'on-going',NULL),(1726,'Xử lý truy vấn liên tục cho dịch vụ chia sẻ xe động',17,155,'on-going',NULL),(1727,'Nghiên cứu phương pháp bó cụm đường đi cho dịch vụ đi chung xe ',17,155,'on-going',NULL),(1728,'Xây dựng hệ thống hỗ trợ quyết định cho dịch vụ đi chung xe',17,155,'on-going',NULL),(1729,'Khai phá mẫu di động và xử lý truy vấn cho dịch vụ đi chung xe',17,155,'on-going',NULL),(1730,'Hệ thống đồng bộ kênh phân phối trực tuyến',17,155,'on-going',NULL);
/*!40000 ALTER TABLE `project` ENABLE KEYS */;
UNLOCK TABLES;

--
-- Table structure for table `projectAdvisorRel`
--

DROP TABLE IF EXISTS `projectAdvisorRel`;
/*!40101 SET @saved_cs_client     = @@character_set_client */;
/*!40101 SET character_set_client = utf8 */;
CREATE TABLE `projectAdvisorRel` (
  `idProjectAdvisorRel` int(11) NOT NULL AUTO_INCREMENT,
  `idAdvisor` int(11) DEFAULT NULL,
  `idProject` int(11) DEFAULT NULL,
  `status` int(11) DEFAULT NULL,
  PRIMARY KEY (`idProjectAdvisorRel`),
  KEY `idAdvisor` (`idAdvisor`),
  KEY `idProject` (`idProject`),
  CONSTRAINT `projectAdvisorRel_ibfk_1` FOREIGN KEY (`idAdvisor`) REFERENCES `advisor` (`idAdvisor`),
  CONSTRAINT `projectAdvisorRel_ibfk_2` FOREIGN KEY (`idProject`) REFERENCES `project` (`idProject`)
) ENGINE=InnoDB AUTO_INCREMENT=473 DEFAULT CHARSET=utf8;
/*!40101 SET character_set_client = @saved_cs_client */;

--
-- Dumping data for table `projectAdvisorRel`
--

LOCK TABLES `projectAdvisorRel` WRITE;
/*!40000 ALTER TABLE `projectAdvisorRel` DISABLE KEYS */;
INSERT INTO `projectAdvisorRel` VALUES (51,4,51,1),(53,4,64,1),(54,9,64,NULL),(56,920,1294,1),(57,795,1295,1),(58,919,1296,1),(59,816,1297,1),(60,822,1298,1),(61,817,1299,1),(62,4,1300,1),(63,799,1301,1),(64,797,1302,1),(65,979,1302,1),(66,797,1303,1),(67,1001,1304,1),(68,919,1305,1),(69,919,1307,1),(70,1100,1307,1),(71,807,1308,1),(72,932,1310,1),(73,819,1312,1),(74,802,1313,1),(75,797,1314,1),(76,797,1315,1),(77,797,1316,1),(78,1100,1316,1),(79,911,1317,1),(80,1002,1317,1),(81,1124,1318,1),(82,816,1319,1),(83,782,1320,1),(84,828,1321,1),(85,828,1322,1),(86,828,1323,1),(87,790,1324,1),(88,9,1325,1),(89,816,1326,1),(90,816,1327,1),(91,816,1328,1),(92,797,1329,1),(93,1062,1329,1),(94,911,1330,1),(95,911,1331,1),(96,920,1332,1),(97,920,1333,1),(98,920,1334,1),(99,920,1335,1),(100,920,1336,1),(101,920,1337,1),(102,932,1338,1),(103,1125,1340,1),(104,1087,1341,1),(105,822,1342,1),(106,822,1343,1),(107,1093,1344,1),(108,1012,1345,1),(109,1080,1345,1),(110,1012,1346,1),(111,1080,1346,1),(112,1012,1347,1),(113,1080,1347,1),(114,1012,1348,1),(115,1080,1348,1),(116,1012,1349,1),(117,1080,1349,1),(118,1012,1350,1),(119,1080,1350,1),(120,907,1353,1),(121,805,1355,1),(122,805,1356,1),(123,805,1357,1),(124,805,1358,1),(125,807,1359,1),(126,807,1360,1),(127,807,1361,1),(128,1127,1361,1),(129,824,1365,1),(130,789,1369,1),(131,902,1370,1),(132,902,1371,1),(133,1087,1371,1),(134,902,1372,1),(135,902,1373,1),(136,902,1374,1),(137,884,1375,1),(138,1072,1376,1),(139,799,1377,1),(140,799,1378,1),(141,799,1379,1),(142,799,1380,1),(143,799,1381,1),(144,799,1382,1),(145,914,1383,1),(146,1032,1383,1),(147,914,1384,1),(148,817,1385,1),(149,787,1385,1),(150,817,1386,1),(151,787,1386,1),(152,817,1387,1),(153,787,1387,1),(154,817,1388,1),(155,787,1388,1),(156,817,1389,1),(157,787,1389,1),(158,817,1390,1),(159,787,1390,1),(160,894,1391,1),(161,919,1393,1),(162,1062,1393,1),(163,919,1394,1),(164,1100,1394,1),(165,919,1395,1),(166,1100,1395,1),(167,919,1396,1),(168,1100,1396,1),(169,919,1397,1),(170,1100,1397,1),(171,919,1398,1),(172,1100,1398,1),(173,1034,1406,1),(174,1034,1407,1),(175,1034,1408,1),(176,1034,1409,1),(177,1034,1410,1),(178,1001,1411,1),(179,1001,1412,1),(180,1001,1413,1),(181,1001,1414,1),(182,819,1415,1),(183,832,1419,1),(184,832,1420,1),(185,832,1421,1),(186,832,1422,1),(187,832,1423,1),(188,832,1424,1),(189,832,1425,1),(190,832,1426,1),(191,832,1427,1),(192,782,1428,1),(193,782,1429,1),(194,782,1430,1),(195,782,1431,1),(196,782,1432,1),(197,828,1433,1),(198,828,1434,1),(199,828,1435,1),(200,828,1436,1),(201,828,1437,1),(202,828,1438,1),(203,8,1438,1),(204,1006,1439,1),(205,1006,1440,1),(206,788,1443,1),(207,802,1444,1),(208,802,1445,1),(209,802,1446,1),(210,790,1447,1),(211,9,1448,1),(212,9,1449,1),(213,9,1450,1),(214,9,1451,1),(215,9,1452,1),(216,9,1453,1),(217,9,1454,1),(218,9,1455,1),(219,831,1455,1),(220,9,1456,1),(221,831,1456,1),(222,9,1457,1),(223,816,1457,1),(224,9,1458,1),(225,9,1459,1),(226,9,1460,1),(227,9,1461,1),(228,831,1461,1),(229,1124,1462,1),(230,1121,1463,1),(231,1120,1464,1),(232,797,1465,1),(233,1120,1465,1),(234,8,1472,1),(235,8,1473,1),(236,911,1474,1),(237,911,1475,1),(238,911,1476,1),(239,1002,1476,1),(240,920,1477,1),(241,1081,1477,1),(242,920,1478,1),(243,1081,1478,1),(244,920,1479,1),(245,920,1480,1),(247,920,1482,1),(248,920,1483,1),(249,920,1484,1),(250,920,1485,1),(251,920,1486,1),(252,920,1487,1),(253,920,1488,1),(254,920,1489,1),(255,920,1490,1),(256,920,1491,1),(257,920,1492,1),(258,837,1493,1),(259,837,1494,1),(260,837,1495,1),(261,837,1496,1),(262,837,1497,1),(263,837,1498,1),(264,837,1499,1),(265,837,1500,1),(266,837,1501,1),(267,837,1502,1),(268,837,1503,1),(269,837,1504,1),(270,837,1505,1),(271,1032,1508,1),(272,8,1509,1),(273,8,1510,1),(274,830,1511,1),(275,830,1512,1),(276,830,1513,1),(277,830,1514,1),(278,827,1521,1),(279,827,1522,1),(280,833,1526,1),(281,833,1527,1),(282,979,1528,1),(283,979,1529,1),(284,831,1530,1),(285,1009,1531,1),(287,801,1533,1),(288,801,1534,1),(289,801,1535,1),(290,801,1536,1),(291,1047,1537,1),(292,802,1537,1),(293,1047,1538,1),(294,802,1538,1),(295,826,1539,1),(296,802,1539,1),(297,826,1540,1),(298,802,1540,1),(299,1002,1544,1),(300,1002,1545,1),(301,1032,1545,1),(302,831,1546,1),(303,918,1547,1),(304,918,1548,1),(305,918,1549,1),(306,918,1550,1),(307,918,1551,1),(308,918,1552,1),(309,1042,1552,1),(310,918,1553,1),(311,1042,1553,1),(312,918,1554,1),(313,1042,1554,1),(314,918,1555,1),(315,1043,1555,1),(316,918,1556,1),(317,1043,1556,1),(318,918,1557,1),(319,1043,1557,1),(320,918,1558,1),(321,1043,1558,1),(322,795,1559,1),(323,795,1560,1),(324,795,1561,1),(325,795,1562,1),(326,795,1563,1),(327,795,1564,1),(328,795,1565,1),(329,795,1566,1),(330,932,1567,1),(332,932,1569,1),(333,785,1573,1),(334,785,1574,1),(335,822,1575,1),(336,822,1576,1),(337,822,1577,1),(338,822,1578,1),(339,822,1579,1),(340,822,1580,1),(341,822,1581,1),(342,1012,1582,1),(343,1012,1583,1),(344,4,1586,1),(345,4,1587,1),(346,4,1588,1),(347,4,1589,1),(349,4,1591,1),(350,4,1592,1),(351,4,1593,1),(352,4,1594,1),(353,4,1595,1),(354,4,1596,1),(355,959,1597,1),(356,959,1598,1),(357,959,1599,1),(358,959,1600,1),(359,959,1601,1),(360,959,1602,1),(361,959,1603,1),(362,959,1604,1),(363,959,1605,1),(364,959,1606,1),(365,907,1607,1),(366,907,1608,1),(367,907,1609,1),(368,907,1610,1),(369,784,1611,1),(370,784,1612,1),(371,784,1613,1),(372,784,1614,1),(373,784,1615,1),(374,909,1616,1),(375,909,1617,1),(376,909,1618,1),(377,1083,1618,1),(378,909,1619,1),(379,805,1621,1),(380,805,1622,1),(381,805,1623,1),(382,805,1624,1),(383,807,1625,1),(384,807,1626,1),(385,807,1627,1),(386,807,1628,1),(387,807,1629,1),(388,807,1630,1),(389,807,1631,1),(390,807,1632,1),(391,811,1633,1),(392,811,1634,1),(393,811,1635,1),(394,811,1636,1),(395,811,1637,1),(396,811,1638,1),(397,811,1639,1),(398,1126,1640,1),(399,824,1641,1),(400,789,1645,1),(401,789,1646,1),(402,789,1647,1),(403,789,1648,1),(404,789,1649,1),(405,902,1650,1),(406,902,1651,1),(407,902,1652,1),(408,902,1653,1),(409,884,1654,1),(410,884,1655,1),(411,884,1656,1),(412,884,1657,1),(413,884,1658,1),(414,1072,1659,1),(415,1072,1660,1),(416,799,1671,1),(417,799,1672,1),(418,799,1673,1),(419,799,1674,1),(420,799,1675,1),(421,914,1676,1),(422,817,1682,1),(423,817,1683,1),(424,817,1684,1),(425,817,1685,1),(426,1126,1685,1),(427,792,1686,1),(428,792,1687,1),(429,792,1688,1),(430,792,1689,1),(431,1073,1690,1),(432,1073,1691,1),(433,1073,1692,1),(434,894,1693,1),(435,894,1694,1),(436,894,1695,1),(437,894,1696,1),(438,894,1697,1),(439,894,1698,1),(440,894,1699,1),(441,894,1700,1),(442,894,1701,1),(443,894,1702,1),(444,894,1703,1),(445,919,1706,1),(446,919,1707,1),(447,919,1708,1),(448,919,1709,1),(449,919,1710,1),(450,919,1711,1),(451,919,1712,1),(452,919,1713,1),(453,919,1714,1),(454,919,1715,1),(455,919,1716,1),(456,798,1717,1),(457,798,1718,1),(458,798,1719,1),(459,798,1721,1),(460,798,1730,1),(461,824,1309,NULL),(467,1150,1469,1),(470,920,1481,1),(472,4,1590,1);
/*!40000 ALTER TABLE `projectAdvisorRel` ENABLE KEYS */;
UNLOCK TABLES;

--
-- Table structure for table `projectStudentRel`
--

DROP TABLE IF EXISTS `projectStudentRel`;
/*!40101 SET @saved_cs_client     = @@character_set_client */;
/*!40101 SET character_set_client = utf8 */;
CREATE TABLE `projectStudentRel` (
  `idProjectStudentRel` int(11) NOT NULL AUTO_INCREMENT,
  `idStudent` int(11) DEFAULT NULL,
  `idProject` int(11) DEFAULT NULL,
  `status` int(11) DEFAULT NULL,
  PRIMARY KEY (`idProjectStudentRel`),
  KEY `idStudent` (`idStudent`),
  KEY `idProject` (`idProject`),
  CONSTRAINT `projectStudentRel_ibfk_1` FOREIGN KEY (`idStudent`) REFERENCES `student` (`idStudent`),
  CONSTRAINT `projectStudentRel_ibfk_2` FOREIGN KEY (`idProject`) REFERENCES `project` (`idProject`)
) ENGINE=InnoDB AUTO_INCREMENT=543 DEFAULT CHARSET=utf8;
/*!40101 SET character_set_client = @saved_cs_client */;

--
-- Dumping data for table `projectStudentRel`
--

LOCK TABLES `projectStudentRel` WRITE;
/*!40000 ALTER TABLE `projectStudentRel` DISABLE KEYS */;
INSERT INTO `projectStudentRel` VALUES (27,NULL,NULL,NULL),(81,3,50,1),(82,4,51,1),(91,4,57,1),(98,3,61,1),(99,1,61,NULL),(100,3,51,NULL),(101,4,62,1),(102,4,63,1),(103,4,64,1),(104,3,64,NULL),(105,2,65,1),(106,5,1294,1),(107,143,1295,1),(108,144,1296,1),(109,145,1297,1),(110,146,1298,1),(111,6,1299,1),(112,147,1300,1),(113,148,1301,1),(114,7,1302,1),(115,8,1303,1),(116,9,1304,1),(117,149,1305,1),(118,150,1306,1),(119,151,1307,1),(120,152,1308,1),(121,10,1309,1),(122,11,1310,1),(123,12,1311,1),(124,153,1312,1),(125,154,1313,1),(126,155,1314,1),(127,156,1315,1),(128,157,1316,1),(129,408,1317,1),(130,158,1318,1),(131,409,1319,1),(132,13,1320,1),(133,14,1321,1),(134,159,1322,1),(135,160,1323,1),(136,161,1324,1),(137,162,1325,1),(138,15,1326,1),(139,16,1327,1),(140,17,1328,1),(141,163,1329,1),(142,164,1330,1),(143,165,1331,1),(144,166,1332,1),(145,167,1333,1),(146,168,1334,1),(147,169,1335,1),(148,170,1336,1),(149,18,1337,1),(150,171,1338,1),(151,172,1339,1),(152,19,1340,1),(153,20,1341,1),(154,173,1342,1),(155,410,1343,1),(156,21,1344,1),(157,22,1345,1),(158,23,1346,1),(159,174,1347,1),(160,175,1348,1),(161,176,1349,1),(162,177,1350,1),(163,178,1351,1),(164,179,1352,1),(165,24,1353,1),(166,25,1354,1),(167,26,1355,1),(168,27,1356,1),(169,28,1357,1),(170,29,1358,1),(171,30,1359,1),(172,31,1360,1),(173,32,1361,1),(174,180,1362,1),(175,181,1363,1),(176,182,1364,1),(177,183,1365,1),(178,33,1366,1),(179,34,1367,1),(180,35,1368,1),(181,36,1369,1),(182,184,1370,1),(183,185,1371,1),(184,37,1372,1),(185,38,1373,1),(186,39,1374,1),(187,40,1375,1),(188,41,1376,1),(189,186,1377,1),(190,187,1378,1),(191,42,1379,1),(192,188,1380,1),(193,189,1381,1),(194,43,1382,1),(195,190,1383,1),(196,191,1384,1),(197,44,1385,1),(198,192,1386,1),(199,193,1387,1),(200,194,1388,1),(201,195,1389,1),(202,196,1390,1),(203,197,1391,1),(204,45,1392,1),(205,46,1393,1),(206,198,1394,1),(207,199,1395,1),(208,200,1396,1),(209,201,1397,1),(210,47,1398,1),(211,202,1399,1),(212,203,1400,1),(213,204,1401,1),(214,205,1402,1),(215,206,1403,1),(216,207,1404,1),(217,208,1405,1),(218,209,1406,1),(219,210,1407,1),(220,207,1408,1),(221,211,1409,1),(222,212,1410,1),(223,48,1411,1),(224,213,1412,1),(225,214,1413,1),(226,215,1414,1),(227,216,1415,1),(228,49,1416,1),(229,217,1417,1),(230,411,1418,1),(231,218,1419,1),(232,219,1420,1),(233,220,1421,1),(234,221,1422,1),(235,222,1423,1),(236,223,1424,1),(237,50,1425,1),(238,224,1426,1),(239,225,1427,1),(240,226,1428,1),(241,227,1429,1),(242,228,1430,1),(243,229,1431,1),(244,230,1432,1),(245,53,1433,1),(246,51,1434,1),(247,52,1435,1),(248,53,1436,1),(249,231,1437,1),(250,232,1438,1),(251,54,1439,1),(252,55,1440,1),(253,233,1441,1),(254,412,1442,1),(255,56,1443,1),(256,57,1444,1),(257,234,1445,1),(258,235,1446,1),(259,58,1447,1),(260,236,1448,1),(261,237,1449,1),(262,59,1450,1),(263,238,1451,1),(264,239,1452,1),(265,240,1453,1),(266,241,1454,1),(267,242,1455,1),(268,243,1456,1),(269,244,1457,1),(270,245,1458,1),(271,246,1459,1),(272,247,1460,1),(273,248,1461,1),(274,249,1462,1),(275,250,1463,1),(276,251,1464,1),(277,252,1465,1),(278,253,1466,1),(279,60,1467,1),(280,254,1468,1),(281,255,1469,1),(282,256,1470,1),(283,129,1471,1),(284,257,1472,1),(285,258,1473,1),(286,61,1474,1),(287,62,1475,1),(288,63,1476,1),(289,259,1477,1),(290,260,1478,1),(291,261,1479,1),(292,262,1480,1),(293,263,1481,1),(294,264,1482,1),(295,64,1483,1),(296,65,1484,1),(297,66,1485,1),(298,265,1486,1),(299,266,1487,1),(300,267,1488,1),(301,268,1489,1),(302,269,1490,1),(303,270,1491,1),(304,67,1492,1),(305,271,1493,1),(306,272,1494,1),(307,68,1495,1),(308,69,1496,1),(309,273,1497,1),(310,274,1498,1),(311,70,1499,1),(312,71,1500,1),(313,275,1501,1),(314,276,1502,1),(315,72,1503,1),(316,73,1504,1),(317,74,1505,1),(318,75,1506,1),(319,76,1507,1),(320,277,1508,1),(321,256,1509,1),(322,77,1510,1),(323,78,1511,1),(324,278,1512,1),(325,279,1513,1),(326,280,1514,1),(327,281,1515,1),(328,79,1516,1),(329,413,1517,1),(330,79,1518,1),(331,282,1519,1),(332,414,1520,1),(333,254,1521,1),(334,283,1522,1),(335,284,1523,1),(336,285,1524,1),(337,286,1525,1),(338,415,1526,1),(339,80,1527,1),(340,287,1528,1),(341,288,1529,1),(342,289,1530,1),(343,290,1531,1),(345,291,1533,1),(346,292,1534,1),(347,293,1535,1),(348,81,1536,1),(349,82,1537,1),(350,83,1538,1),(351,294,1539,1),(352,295,1540,1),(353,84,1541,1),(354,85,1542,1),(355,86,1543,1),(356,87,1544,1),(357,91,1545,1),(358,296,1546,1),(359,88,1547,1),(360,89,1548,1),(361,90,1549,1),(362,297,1550,1),(363,298,1551,1),(364,299,1552,1),(365,300,1553,1),(366,301,1554,1),(367,302,1555,1),(368,91,1556,1),(369,297,1557,1),(370,298,1558,1),(371,303,1559,1),(372,304,1560,1),(373,305,1561,1),(374,306,1562,1),(375,307,1563,1),(376,308,1564,1),(377,92,1565,1),(378,92,1566,1),(379,309,1567,1),(381,310,1569,1),(382,311,1570,1),(383,93,1571,1),(385,312,1573,1),(386,313,1574,1),(387,314,1575,1),(388,315,1576,1),(389,94,1577,1),(390,95,1578,1),(391,96,1579,1),(392,316,1580,1),(393,257,1581,1),(394,97,1582,1),(395,317,1583,1),(396,318,1584,1),(397,98,1585,1),(398,319,1586,1),(399,320,1587,1),(400,321,1588,1),(401,322,1589,1),(402,99,1590,1),(403,323,1591,1),(404,324,1592,1),(405,100,1593,1),(406,101,1594,1),(407,102,1595,1),(408,103,1596,1),(409,325,1597,1),(410,326,1598,1),(411,327,1599,1),(412,328,1600,1),(413,329,1601,1),(414,330,1602,1),(415,331,1603,1),(416,332,1604,1),(417,332,1605,1),(418,416,1606,1),(419,333,1607,1),(420,334,1608,1),(421,335,1609,1),(422,336,1610,1),(423,337,1611,1),(424,338,1612,1),(425,339,1613,1),(426,417,1614,1),(427,104,1615,1),(428,340,1616,1),(429,341,1617,1),(430,105,1618,1),(431,342,1619,1),(432,343,1620,1),(433,106,1621,1),(434,344,1622,1),(435,345,1623,1),(436,346,1624,1),(437,347,1625,1),(438,348,1626,1),(439,349,1627,1),(440,107,1628,1),(441,350,1629,1),(442,351,1630,1),(443,352,1631,1),(444,152,1632,1),(445,108,1633,1),(446,109,1634,1),(447,110,1635,1),(448,111,1636,1),(449,112,1637,1),(450,113,1638,1),(451,114,1639,1),(452,115,1640,1),(453,353,1641,1),(455,354,1643,1),(456,355,1644,1),(457,356,1645,1),(458,357,1646,1),(459,358,1647,1),(460,359,1648,1),(461,116,1649,1),(462,360,1650,1),(463,361,1651,1),(464,362,1652,1),(465,361,1653,1),(466,117,1654,1),(467,118,1655,1),(468,363,1656,1),(469,363,1657,1),(470,119,1658,1),(471,120,1659,1),(472,121,1660,1),(473,122,1661,1),(474,364,1662,1),(475,365,1663,1),(476,123,1664,1),(477,124,1665,1),(478,366,1666,1),(479,301,1667,1),(480,125,1668,1),(481,126,1669,1),(482,367,1670,1),(483,368,1671,1),(484,369,1672,1),(485,370,1673,1),(486,371,1674,1),(487,372,1675,1),(488,127,1676,1),(489,128,1677,1),(490,373,1678,1),(491,374,1679,1),(492,129,1680,1),(493,375,1681,1),(494,376,1682,1),(495,130,1683,1),(496,115,1684,1),(497,377,1685,1),(498,378,1686,1),(499,379,1687,1),(500,380,1688,1),(501,131,1689,1),(502,132,1690,1),(503,381,1691,1),(504,381,1692,1),(505,382,1693,1),(506,383,1694,1),(507,384,1695,1),(508,385,1696,1),(509,386,1697,1),(510,387,1698,1),(511,388,1699,1),(512,389,1700,1),(513,390,1701,1),(514,391,1702,1),(515,133,1703,1),(516,392,1704,1),(517,418,1705,1),(518,393,1706,1),(519,394,1707,1),(520,134,1708,1),(521,395,1709,1),(522,396,1710,1),(523,135,1711,1),(524,397,1712,1),(525,398,1713,1),(526,136,1714,1),(527,137,1715,1),(528,399,1716,1),(529,400,1717,1),(530,138,1718,1),(531,139,1719,1),(532,401,1720,1),(533,419,1721,1),(534,140,1722,1),(535,402,1723,1),(536,403,1724,1),(537,141,1725,1),(538,404,1726,1),(539,405,1727,1),(540,406,1728,1),(541,407,1729,1),(542,142,1730,1);
/*!40000 ALTER TABLE `projectStudentRel` ENABLE KEYS */;
UNLOCK TABLES;

--
-- Table structure for table `projecttype`
--

DROP TABLE IF EXISTS `projecttype`;
/*!40101 SET @saved_cs_client     = @@character_set_client */;
/*!40101 SET character_set_client = utf8 */;
CREATE TABLE `projecttype` (
  `idProjecttype` int(11) NOT NULL AUTO_INCREMENT,
  `name` varchar(30) DEFAULT NULL,
  `description` varchar(255) DEFAULT NULL,
  PRIMARY KEY (`idProjecttype`)
) ENGINE=InnoDB AUTO_INCREMENT=19 DEFAULT CHARSET=utf8;
/*!40101 SET character_set_client = @saved_cs_client */;

--
-- Dumping data for table `projecttype`
--

LOCK TABLES `projecttype` WRITE;
/*!40000 ALTER TABLE `projecttype` DISABLE KEYS */;
INSERT INTO `projecttype` VALUES (17,'Khoá luận tốt nghiệp','khóa luận tốt nghiệp bậc đại học'),(18,'Dự án công nghệ','du an');
/*!40000 ALTER TABLE `projecttype` ENABLE KEYS */;
UNLOCK TABLES;

--
-- Table structure for table `quota`
--

DROP TABLE IF EXISTS `quota`;
/*!40101 SET @saved_cs_client     = @@character_set_client */;
/*!40101 SET character_set_client = utf8 */;
CREATE TABLE `quota` (
  `idQuota` int(11) NOT NULL AUTO_INCREMENT,
  `name` varchar(100) DEFAULT NULL,
  `description` varchar(255) DEFAULT NULL,
  `n_kltn` int(11) DEFAULT NULL,
  `n_dakh` int(11) DEFAULT NULL,
  PRIMARY KEY (`idQuota`)
) ENGINE=InnoDB AUTO_INCREMENT=9 DEFAULT CHARSET=utf8;
/*!40101 SET character_set_client = @saved_cs_client */;

--
-- Dumping data for table `quota`
--

LOCK TABLES `quota` WRITE;
/*!40000 ALTER TABLE `quota` DISABLE KEYS */;
INSERT INTO `quota` VALUES (2,'PGS.TS','quota for associate professor',15,NULL),(3,'TS','quota for PhD',12,NULL),(4,'ThS','quota for Master',4,1),(5,'GS.TS','Quota for Professor',18,1),(6,'NCS','Quota for NCS',4,1),(7,'CN','Quota for CN',2,1),(8,'HVCH','Quota for CN',2,1);
/*!40000 ALTER TABLE `quota` ENABLE KEYS */;
UNLOCK TABLES;

--
-- Table structure for table `semester`
--

DROP TABLE IF EXISTS `semester`;
/*!40101 SET @saved_cs_client     = @@character_set_client */;
/*!40101 SET character_set_client = utf8 */;
CREATE TABLE `semester` (
  `idSemester` int(11) NOT NULL AUTO_INCREMENT,
  `year` int(11) DEFAULT NULL,
  `semesterIndex` int(11) DEFAULT NULL,
  PRIMARY KEY (`idSemester`)
) ENGINE=InnoDB AUTO_INCREMENT=156 DEFAULT CHARSET=utf8;
/*!40101 SET character_set_client = @saved_cs_client */;

--
-- Dumping data for table `semester`
--

LOCK TABLES `semester` WRITE;
/*!40000 ALTER TABLE `semester` DISABLE KEYS */;
INSERT INTO `semester` VALUES (97,2017,1),(152,2018,1),(154,2020,0),(155,2020,1);
/*!40000 ALTER TABLE `semester` ENABLE KEYS */;
UNLOCK TABLES;

--
-- Table structure for table `staff`
--

DROP TABLE IF EXISTS `staff`;
/*!40101 SET @saved_cs_client     = @@character_set_client */;
/*!40101 SET character_set_client = utf8 */;
CREATE TABLE `staff` (
  `idStaff` int(11) NOT NULL AUTO_INCREMENT,
  `email` varchar(100) DEFAULT NULL,
  `fullname` varchar(200) DEFAULT NULL,
  PRIMARY KEY (`idStaff`)
) ENGINE=InnoDB AUTO_INCREMENT=12 DEFAULT CHARSET=utf8;
/*!40101 SET character_set_client = @saved_cs_client */;

--
-- Dumping data for table `staff`
--

LOCK TABLES `staff` WRITE;
/*!40000 ALTER TABLE `staff` DISABLE KEYS */;
INSERT INTO `staff` VALUES (4,'tunghx@vnu.edu.vn','Hoàng Xuân Tùng'),(11,'baoptm@vnu.edu.vn','Pham Thi Mai Bao');
/*!40000 ALTER TABLE `staff` ENABLE KEYS */;
UNLOCK TABLES;

--
-- Table structure for table `student`
--

DROP TABLE IF EXISTS `student`;
/*!40101 SET @saved_cs_client     = @@character_set_client */;
/*!40101 SET character_set_client = utf8 */;
CREATE TABLE `student` (
  `idStudent` int(11) NOT NULL AUTO_INCREMENT,
  `studentNumber` int(11) DEFAULT NULL,
  `email` varchar(100) DEFAULT NULL,
  `fullname` varchar(150) DEFAULT NULL,
  `dob` date DEFAULT NULL,
  `gender` tinyint(1) DEFAULT NULL,
  `klass` varchar(20) DEFAULT NULL,
  PRIMARY KEY (`idStudent`)
) ENGINE=InnoDB AUTO_INCREMENT=420 DEFAULT CHARSET=utf8;
/*!40101 SET character_set_client = @saved_cs_client */;

--
-- Dumping data for table `student`
--

LOCK TABLES `student` WRITE;
/*!40000 ALTER TABLE `student` DISABLE KEYS */;
INSERT INTO `student` VALUES (1,18020024,'18020024@vnu.edu.vn','Vũ Trần Quang Huy','2000-03-12',1,NULL),(2,16020064,'16020064@vnu.edu.vn','Ngô Minh Hoàng','2000-03-12',1,NULL),(3,17020646,'17020646@vnu.edu.vn','Đỗ Đường Duy','2000-03-12',1,NULL),(4,17020182,'17020182@vnu.edu.vn','Diệp Văn Hiếu','2000-03-12',1,NULL),(5,17020608,'17020608@vnu.edu.vn','Nguyễn Duy Chiến','1999-09-11',NULL,'K62C-CLC'),(6,17020771,'17020771@vnu.edu.vn','Nguyễn Việt Hoàng','1999-10-05',NULL,'K62C-CLC'),(7,17020827,'17020827@vnu.edu.vn','Đỗ Minh Khá','1999-09-11',NULL,'K62C-CLC'),(8,17020845,'17020845@vnu.edu.vn','Nguyễn Tùng Lâm','1999-10-11',NULL,'K62C-CLC'),(9,17020942,'17020942@vnu.edu.vn','Nguyễn Ngọc Nhanh','1999-02-03',NULL,'K62C-CLC'),(10,16021099,'16021099@vnu.edu.vn','Nguyễn Thị Phượng','1998-05-22',NULL,'K61C-CLC'),(11,17020064,'17020064@vnu.edu.vn','Nguyễn Đức Thắng','1999-10-19',NULL,'K62C-CLC'),(12,17020057,'17020057@vnu.edu.vn','Hoàng Bảo Long','1999-08-11',NULL,'K62C-CLC'),(13,16022418,'16022418@vnu.edu.vn','Thái Quốc Tuấn','1998-12-12',NULL,'K61CA-CLC2'),(14,16020046,'16020046@vnu.edu.vn','Nguyễn Văn Mạnh','1998-04-07',NULL,'K61CA-CLC1'),(15,17021234,'17021234@vnu.edu.vn','Nguyễn Minh Đức','1999-09-03',NULL,'K62CA_CLC1'),(16,17021272,'17021272@vnu.edu.vn','Lê Quốc Khánh','1999-05-02',NULL,'K62CA-CLC3'),(17,17021273,'17021273@vnu.edu.vn','Mẫn Quốc Khánh','1999-02-09',NULL,'K62-CACLC3'),(18,17021278,'17021278@vnu.edu.vn','Lê Kiên','1999-03-07',NULL,'K62CA_CLC3'),(19,17021305,'17021305@vnu.edu.vn','Nguyễn Thành Nam','1999-04-04',NULL,'K62CA-CLC3'),(20,17021281,'17021281@vnu.edu.vn','Nguyễn Trọng Lâm','1999-12-16',NULL,'K62-CACLC3'),(21,17021254,'17021254@vnu.edu.vn','Lê Đình Hoàng','1999-10-09',NULL,'K62CA_CLC2'),(22,16020062,'16020062@vnu.edu.vn','Vũ Thị Thanh Lâm','1998-02-22',NULL,'K61CA-CLC1'),(23,16020047,'16020047@vnu.edu.vn','Vũ Duy Mạnh','1998-06-13',NULL,'K61-CA-CLC1'),(24,17021247,'17021247@vnu.edu.vn','Nguyễn Trung Hiếu','1999-05-03',NULL,'K62CA_CLC1'),(25,17021314,'17021314@vnu.edu.vn','Nguyễn Ngọc Phong','1999-09-08',NULL,'K62CA_CLC2'),(26,17021319,'17021319@vnu.edu.vn','Lê Quang Phước','1999-08-08',NULL,'K62CA_CLC2'),(27,17021255,'17021255@vnu.edu.vn','Nguyễn Minh Hoàng','1999-03-10',NULL,'K62CA_CLC3'),(28,17020053,'17020053@vnu.edu.vn','Ngô Minh Hoàng','1999-05-05',NULL,'K62CA_CLC1'),(29,17021286,'17021286@vnu.edu.vn','Phạm Tuấn Linh','1999-05-04',NULL,'K62CA_CLC2'),(30,16020226,'16020226@vnu.edu.vn','Dương Minh Hiếu','1998-11-16',NULL,'K61CA-CLC1'),(31,17021276,'17021276@vnu.edu.vn','Nguyễn Minh Khôi','1999-10-02',NULL,'K62CA_CLC1'),(32,17021296,'17021296@vnu.edu.vn','Mạc Đình Minh','1999-11-30',NULL,'K62CA-CLC3'),(33,17021233,'17021233@vnu.edu.vn','Phạm Vương Đăng','1999-08-04',NULL,'K62CA-CLC3'),(34,17021335,'17021335@vnu.edu.vn','Nguyễn Chí Thành','1999-03-11',NULL,'K62CA-CLC3'),(35,17021240,'17021240@vnu.edu.vn','Phạm Lê Minh Hải','1999-09-28',NULL,'K62-CACLC3'),(36,17021292,'17021292@vnu.edu.vn','Nguyễn Quỳnh Mai','1999-01-27',NULL,'K62CA-CLC3'),(37,17021288,'17021288@vnu.edu.vn','Khổng Thị Mai Loan','1999-03-08',NULL,'K62CA_CLC1'),(38,17021311,'17021311@vnu.edu.vn','Cao Minh Nhật','1999-10-06',NULL,'K62CA_CLC3'),(39,17021357,'17021357@vnu.edu.vn','Trần Quang Vinh','1999-11-05',NULL,'K62CA_CLC3'),(40,17021213,'17021213@vnu.edu.vn','Nguyễn Quốc Cường','1999-06-04',NULL,'K62CA_CLC2'),(41,17021348,'17021348@vnu.edu.vn','Hà Minh Tuấn','1999-06-22',NULL,'K62CA-CLC1'),(42,17021241,'17021241@vnu.edu.vn','Nguyễn Phương Hằng','1999-07-09',NULL,'K62CA_CLC2'),(43,17021325,'17021325@vnu.edu.vn','Nguyễn Minh Quân','1999-06-04',NULL,'K62CA_CLC2'),(44,17020173,'17020173@vnu.edu.vn','Dương Thị Thúy Hằng','1998-01-02',NULL,'K62CA_CLC1'),(45,17021216,'17021216@vnu.edu.vn','Đào Tiến Dũng','1999-02-15',NULL,'K62CA-CLC1'),(46,17021345,'17021345@vnu.edu.vn','Lê Khánh Toàn','1999-12-28',NULL,'K62CA-CLC1'),(47,17021306,'17021306@vnu.edu.vn','Phạm Công Nam','1999-12-07',NULL,'K62CA_CLC2'),(48,17020687,'17020687@vnu.edu.vn','Phạm Ngọc Đông','1999-12-08',NULL,'K62CC'),(49,16022257,'16022257@vnu.edu.vn','Nguyễn Thị Thu Hà','1998-07-23',NULL,'K61N'),(50,17020725,'17020725@vnu.edu.vn','Phan Thị Thanh Hằng','1999-01-10',NULL,'K62CD'),(51,17021041,'17021041@vnu.edu.vn','Vũ Thanh Thiên','1999-05-10',NULL,'K62CK'),(52,17021124,'17021124@vnu.edu.vn','Hà Xuân Việt','1999-01-12',NULL,'K62CK'),(53,17021120,'17021120@vnu.edu.vn','Nguyễn Công Ngọc Tưởng','1999-08-06',NULL,'K62CC'),(54,16021574,'16021574@vnu.edu.vn','Nguyễn Minh Hiền','1998-02-14',NULL,'K61N'),(55,16022482,'16022482@vnu.edu.vn','Đoàn Hồng Phúc','1998-06-19',NULL,'K61N'),(56,16021289,'16021289@vnu.edu.vn','Tiêu Công Hòa','1998-03-19',NULL,'K61T'),(57,17020792,'17020792@vnu.edu.vn','Phạm Văn Hùng','1999-02-01',NULL,'K62CL'),(58,16022450,'16022450@vnu.edu.vn','Tưởng Công Thành','1997-06-26',NULL,'K61N'),(59,17020866,'17020866@vnu.edu.vn','Phạm Đức Long','1999-10-09',NULL,'K62CK'),(60,17020593,'17020593@vnu.edu.vn','Vi Thế Anh','1999-01-02',NULL,'K62CL'),(61,17020103,'17020103@vnu.edu.vn','Nguyễn Hùng Quang','1999-06-06',NULL,'K62CAC'),(62,17020891,'17020891@vnu.edu.vn','Hoàng Kim Minh','1999-03-12',NULL,'K62CL'),(63,17021059,'17021059@vnu.edu.vn','Đặng Hữu Tiến','1997-02-03',NULL,'K62CAC'),(64,17021179,'17021179@vnu.edu.vn','Nguyễn Đăng An','1999-09-04',NULL,'K62CAC'),(65,17020695,'17020695@vnu.edu.vn','Lê Văn Đức','1999-11-03',NULL,'K62CB'),(66,17020793,'17020793@vnu.edu.vn','Vi Mạnh Hùng','1999-05-06',NULL,'K62CB'),(67,17020949,'17020949@vnu.edu.vn','Hoàng Cao Phi','1999-11-06',NULL,'K62CF'),(68,17020824,'17020824@vnu.edu.vn','Nguyễn Thị Hường','1999-05-11',NULL,'K62CB'),(69,17020977,'17020977@vnu.edu.vn','Đỗ Văn Quang','1999-06-02',NULL,'K62CD'),(70,17020661,'17020661@vnu.edu.vn','Trần Hải Dương','1999-01-02',NULL,'K62CK'),(71,17020701,'17020701@vnu.edu.vn','Trần Tiến Đức','1997-03-12',NULL,'K62CL'),(72,17020859,'17020859@vnu.edu.vn','Nguyễn Tuấn Linh','1999-12-03',NULL,'K62CL'),(73,17020911,'17020911@vnu.edu.vn','Nguyễn Hữu Nam','1999-02-03',NULL,'K62CL'),(74,17020941,'17020941@vnu.edu.vn','Phạm Đình Nhã','1999-01-10',NULL,'K62CL'),(75,17021106,'17021106@vnu.edu.vn','Nguyễn Đăng Tuấn','1999-05-06',NULL,'K62CG'),(76,17021042,'17021042@vnu.edu.vn','Nguyễn Đức Thiện','1999-09-04',NULL,'K62CB'),(77,16022452,'16022452@vnu.edu.vn','Trần Thị Anh Thư','1998-12-10',NULL,'K61N'),(78,17020998,'17020998@vnu.edu.vn','Đỗ Văn Sĩ','1999-09-07',NULL,'K62CD'),(79,17020009,'17020009@vnu.edu.vn','Nguyễn Anh Khoa','1999-09-27',NULL,'K62J'),(80,16021636,'16021636@vnu.edu.vn','Phạm Văn Quyến','1998-11-02',NULL,'K61N'),(81,17020789,'17020789@vnu.edu.vn','Nguyễn Mạnh Hùng','1999-06-12',NULL,'K62CF'),(82,17020778,'17020778@vnu.edu.vn','Vũ Việt Hoàng','1999-05-06',NULL,'K62CE'),(83,17020838,'17020838@vnu.edu.vn','Đỗ Lương Khoa','1999-06-06',NULL,'K62CL'),(84,17020604,'17020604@vnu.edu.vn','Nguyễn Văn Bằng','1999-08-08',NULL,'K62CH'),(85,17020770,'17020770@vnu.edu.vn','Nguyễn Việt Hoàng','1999-04-13',NULL,'K62-CD'),(86,17020777,'17020777@vnu.edu.vn','VŨ MẠNH HOÀNG','1999-07-14',NULL,'KQH-2017-I/CQ-C-D'),(87,17020986,'17020986@vnu.edu.vn','Nguyễn Anh Quân','1999-11-21',NULL,'K62CQ-C-F'),(88,17020806,'17020806@vnu.edu.vn','Nguyễn Ngọc Huyên','1999-08-01',NULL,'K62CH'),(89,17020561,'17020561@vnu.edu.vn','Nguyễn Thành An','1999-11-08',NULL,'K62J'),(90,17020637,'17020637@vnu.edu.vn','Nguyễn Hồng Doanh','1999-08-01',NULL,'K62J'),(91,17021148,'17021148@vnu.edu.vn','Hồ Thị Kim Anh','1999-02-04',NULL,'K62J'),(92,17020783,'17020783@vnu.edu.vn','Đỗ Mạnh Hùng','1999-12-11',NULL,'K62J'),(93,17020659,'17020659@vnu.edu.vn','Phạm Ích Dương','1999-04-12',NULL,'K62CF'),(94,17020997,'17020997@vnu.edu.vn','Vũ Ngọc Sáng','1999-06-11',NULL,'K62CC'),(95,17021144,'17021144@vnu.edu.vn','Hoàng Thị Yến','1999-02-09',NULL,'K62CC'),(96,17020572,'17020572@vnu.edu.vn','Lê Tuấn Anh','1999-03-04',NULL,'K62CD'),(97,17020796,'17020796@vnu.edu.vn','Đặng Bá Huy','1999-09-03',NULL,'K62CD'),(98,16022497,'16022497@vnu.edu.vn','Đỗ Quốc Trọng','1998-06-12',NULL,'K61N'),(99,17020681,'17020681@vnu.edu.vn','Lê Hải Đăng','1999-08-12',NULL,'K62CF'),(100,17021008,'17021008@vnu.edu.vn','Đặng Đức Tài','1999-04-11',NULL,'K62CK'),(101,17021029,'17021029@vnu.edu.vn','Nguyễn Mạnh Thắng','1999-01-02',NULL,'K62CK'),(102,17020706,'17020706@vnu.edu.vn','Nguyễn Trường Giang','1999-11-02',NULL,'K62CL'),(103,17021064,'17021064@vnu.edu.vn','Phạm Duy Tiếp','1999-02-09',NULL,'K62CL'),(104,17021057,'17021057@vnu.edu.vn','Phạm Văn Thường','1998-05-14',NULL,'K62J'),(105,17021201,'17021201@vnu.edu.vn','Nguyễn Trọng Nghĩa','1999-04-07',NULL,'K62CAC'),(106,17020966,'17020966@vnu.edu.vn','Lại Thị Thu Phương','1999-05-11',NULL,'K62CB'),(107,17020970,'17020970@vnu.edu.vn','Nguyễn Văn Phương','1999-11-08',NULL,'K62CAC'),(108,17020933,'17020933@vnu.edu.vn','Nguyễn Thị Ngọc','1999-02-12',NULL,'K62CB'),(109,16021325,'16021325@vnu.edu.vn','Lê Quý Phong','1998-07-27',NULL,'KQH-2016-I/CQ-T'),(110,17020968,'17020968@vnu.edu.vn','Nguyễn Minh Phương','1999-03-03',NULL,'K62CF'),(111,17020720,'17020720@vnu.edu.vn','Nguyễn Thị Hồng Hạnh','1999-01-02',NULL,'K62CG'),(112,17020689,'17020689@vnu.edu.vn','Diệp Huy Đức','1999-10-20',NULL,'K62 CG'),(113,17021096,'17021096@vnu.edu.vn','Nguyễn Văn Tú','1999-01-27',NULL,'k62CQ-J'),(114,17021134,'17021134@vnu.edu.vn','Đặng Quang Vũ','1999-05-05',NULL,'K62-CQJ'),(115,17020874,'17020874@vnu.edu.vn','Vũ Trung Hiếu','1999-02-04',NULL,'K62J'),(116,17021145,'17021145@vnu.edu.vn','Vũ Thị Hải Yến','1999-06-13',NULL,'K62 - CQJ'),(117,17020835,'17020835@vnu.edu.vn','Nguyễn Duy Khánh','1999-11-07',NULL,'K62CG'),(118,17020996,'17020996@vnu.edu.vn','Nguyễn Trọng Rưỡng','1999-03-02',NULL,'K62CL'),(119,15021358,'15021358@vnu.edu.vn','Nguyễn Việt Minh Nghĩa','1997-02-05',NULL,'K60CD'),(120,16021659,'16021659@vnu.edu.vn','Đinh Bá Trung','1998-02-04',NULL,'K61N'),(121,16022442,'16022442@vnu.edu.vn','Hà Ngọc Linh','1998-04-21',NULL,'K61N'),(122,17020035,'17020035@vnu.edu.vn','Nguyễn Nhật Minh','1999-06-09',NULL,'K62CAC'),(123,17021033,'17021033@vnu.edu.vn','Phạm Quyết Thắng','1999-12-06',NULL,'K62CE'),(124,17020852,'17020852@vnu.edu.vn','Hoàng Thị Linh','1999-08-03',NULL,'K62CG'),(125,17021072,'17021072@vnu.edu.vn','Đào Huyền Trang','1999-09-01',NULL,'K62J'),(126,17020722,'17020722@vnu.edu.vn','Đinh Sỹ Hào','1999-07-11',NULL,'K62CK'),(127,17020675,'17020675@vnu.edu.vn','Nguyễn Chí Đạt','1999-11-08',NULL,'K62CD'),(128,17020590,'17020590@vnu.edu.vn','Trần Đăng Anh','1999-07-03',NULL,'K62CAC'),(129,17020901,'17020901@vnu.edu.vn','Trần Đức Minh','1999-09-06',NULL,'K62J'),(130,17020858,'17020858@vnu.edu.vn','Nguyễn Thị Linh','1998-10-08',NULL,'K62J'),(131,17020937,'17020937@vnu.edu.vn','Phạm Thị Thảo Nguyên','1999-07-10',NULL,'K62CK'),(132,17020846,'17020846@vnu.edu.vn','Vũ Văn Lâm','1999-09-01',NULL,'K62CD'),(133,16021572,'16021572@vnu.edu.vn','Hoàng Thái Hà','1998-05-18',NULL,'K61N'),(134,17020892,'17020892@vnu.edu.vn','Lại Đức Minh','1999-10-02',NULL,'K62CB'),(135,17021045,'17021045@vnu.edu.vn','Nguyễn Đình Thịnh','1999-05-02',NULL,'K62CF'),(136,17021180,'17021180@vnu.edu.vn','Phạm Lê Việt Anh','1999-02-03',NULL,'K62CAC'),(137,17021186,'17021186@vnu.edu.vn','Nguyễn Thị Phương Đông','1999-07-01',NULL,'K62CAC'),(138,17020962,'17020962@vnu.edu.vn','Trần Hồng Phúc','1999-02-01',NULL,'K62CB'),(139,17020622,'17020622@vnu.edu.vn','Cao Văn Cường','1999-06-12',NULL,'K62CG'),(140,17021099,'17021099@vnu.edu.vn','Trương Thành Tú','1999-01-02',NULL,'K62CE'),(141,17020902,'17020902@vnu.edu.vn','Vũ Đức Minh','1999-06-09',NULL,'K62CF'),(142,17020619,'17020619@vnu.edu.vn','Nguyễn Thành Công','1999-06-07',NULL,'K62CC'),(143,17020617,'17020617@vnu.edu.vn','Kiều Chí Công','1999-06-13',NULL,'K62C-CLC'),(144,17020076,'17020076@vnu.edu.vn','Trần Mạnh Cường','1999-10-14',NULL,'K62C-CLC'),(145,17020077,'17020077@vnu.edu.vn','Nguyễn Ngọc Đăng','1999-08-14',NULL,'K62C-CLC'),(146,17020694,'17020694@vnu.edu.vn','Hoàng Mạnh Đức','1999-12-19',NULL,'K62C-CLC'),(147,17020772,'17020772@vnu.edu.vn','Nguyễn Xuân Hoàng','1999-07-30',NULL,'K62C-CLC'),(148,17020822,'17020822@vnu.edu.vn','Phạm Thị Hương','1999-10-29',NULL,'K62C-CLC'),(149,17020951,'17020951@vnu.edu.vn','Đỗ Hồng Phong','1999-09-21',NULL,'K62C-CLC'),(150,17020992,'17020992@vnu.edu.vn','Nguyễn Văn Quyết','1999-06-11',NULL,'K62C-CLC'),(151,17021090,'17021090@vnu.edu.vn','Đỗ Đình Trường','1999-11-16',NULL,'K62C-CLC'),(152,17020567,'17020567@vnu.edu.vn','Đào Việt Anh','1999-04-19',NULL,'K62C-CLC'),(153,17021344,'17021344@vnu.edu.vn','Trần Việt Tiến','1999-12-22',NULL,'K62CA_CLC1'),(154,16020227,'16020227@vnu.edu.vn','Phan Đăng Trung Hiếu','1998-11-12',NULL,'K61CA-CLC2'),(155,17021313,'17021313@vnu.edu.vn','Đinh Công Phan','1999-06-15',NULL,'K62CA-CLC3'),(156,17021328,'17021328@vnu.edu.vn','Dương Hoàng Sơn','1999-02-26',NULL,'K62CA-CLC3'),(157,17021297,'17021297@vnu.edu.vn','Nguyễn Đình Minh','1999-10-17',NULL,'K62CA-CLC3'),(158,17021285,'17021285@vnu.edu.vn','Nguyễn Tuấn Linh','1999-05-13',NULL,'K62CA_CLC1'),(159,17021242,'17021242@vnu.edu.vn','Phạm Tuấn Hiệp','1999-11-23',NULL,'K62CA_CLC2'),(160,17021338,'17021338@vnu.edu.vn','Lê Văn Thịnh','1999-12-08',NULL,'K62CA_CLC2'),(161,17021230,'17021230@vnu.edu.vn','Bùi Tiến Đạt','1999-08-13',NULL,'K62CA_CLC1'),(162,17021318,'17021318@vnu.edu.vn','Phan Tất Phúc','1999-06-15',NULL,'K62CA_CLC1'),(163,17021300,'17021300@vnu.edu.vn','Nguyễn Ngọc Minh','1999-12-18',NULL,'K62CA_CLC2'),(164,17021211,'17021211@vnu.edu.vn','Đỗ Văn Bằng','1999-02-17',NULL,'K62CA_CLC1'),(165,17021236,'17021236@vnu.edu.vn','Phan Thế Giang','1999-01-13',NULL,'K62CA_CLC1'),(166,17021252,'17021252@vnu.edu.vn','Nguyễn Hữu Hòa','1999-03-14',NULL,'K62CA_CLC1'),(167,17021323,'17021323@vnu.edu.vn','Nguyễn Hợp Quang','1999-03-13',NULL,'K62CA_CLC1'),(168,17021336,'17021336@vnu.edu.vn','Vũ Công Thi','1999-07-22',NULL,'K62CA_CLC1'),(169,17021353,'17021353@vnu.edu.vn','Nguyễn Ngọc Thanh Tùng','1999-09-30',NULL,'K62CA_CLC1'),(170,17021321,'17021321@vnu.edu.vn','Trần Thu Phương','1999-10-19',NULL,'K62CA_CLC2'),(171,17020061,'17020061@vnu.edu.vn','Đỗ Thị Hồng Ngát','1999-03-30',NULL,'K62CA_CLC1'),(172,17021330,'17021330@vnu.edu.vn','Phạm Thái Sơn','1999-09-10',NULL,'K62CA-CLC3'),(173,17021333,'17021333@vnu.edu.vn','Lâm Hà Thái','1999-04-15',NULL,'K62CA_CLC1'),(174,17020045,'17020045@vnu.edu.vn','Phạm Quang Anh','1999-12-25',NULL,'K62CA_CLC1'),(175,17020052,'17020052@vnu.edu.vn','Nguyễn Huy Hoàng','1999-09-04',NULL,'K62CA_CLC1'),(176,17021246,'17021246@vnu.edu.vn','Nguyễn Trung Hiếu','1999-09-29',NULL,'K62CA_CLC2'),(177,17021342,'17021342@vnu.edu.vn','Nhữ Anh Thư','1999-05-10',NULL,'K62CA_CLC2'),(178,17021215,'17021215@vnu.edu.vn','Nguyễn Duy Diễn','1999-01-13',NULL,'K62CA-CLC3'),(179,17021235,'17021235@vnu.edu.vn','Nguyễn Công Trường Giang','1999-11-25',NULL,'K62CA-CLC3'),(180,17021268,'17021268@vnu.edu.vn','Trần Quang Huy','1999-08-22',NULL,'K62CA_CLC1'),(181,17021257,'17021257@vnu.edu.vn','Nguyễn Việt Hoàng','1999-11-12',NULL,'K62CA_CLC2'),(182,17021275,'17021275@vnu.edu.vn','Vũ Quốc Khánh','1999-05-23',NULL,'K62CA_CLC2'),(183,16020300,'16020300@vnu.edu.vn','Bùi Đức Anh','1998-02-06',NULL,'K61-CA-CLC1'),(184,17021228,'17021228@vnu.edu.vn','Nguyễn Văn Dương','1999-04-24',NULL,'K62CA_CLC3'),(185,17021256,'17021256@vnu.edu.vn','Nguyễn Trọng Hoàng','1999-06-08',NULL,'K62CA_CLC3'),(186,17021209,'17021209@vnu.edu.vn','Trương Việt Anh','1999-11-26',NULL,'K62CA_CLC2'),(187,17021210,'17021210@vnu.edu.vn','Trần Anh Bảo','1999-08-27',NULL,'K62CA_CLC2'),(188,17021326,'17021326@vnu.edu.vn','Nguyễn Tuấn Quốc','1999-12-20',NULL,'K62CA_CLC2'),(189,17021214,'17021214@vnu.edu.vn','Trần Văn Cường','1999-09-11',NULL,'K62CA_CLC2'),(190,17021251,'17021251@vnu.edu.vn','Trần Bá Hoà','1999-09-17',NULL,'K62CA_CLC1'),(191,17021253,'17021253@vnu.edu.vn','Đặng Hữu Hoàn','1999-09-09',NULL,'K62CA_CLC1'),(192,17021346,'17021346@vnu.edu.vn','Phạm Ngọc Anh Trang','1999-09-21',NULL,'K62CA_CLC1'),(193,17021219,'17021219@vnu.edu.vn','Hạ Anh Dũng','1999-01-21',NULL,'K62CA_CLC2'),(194,17021227,'17021227@vnu.edu.vn','Nguyễn Minh Dương','1999-04-19',NULL,'K62CA_CLC2'),(195,17021229,'17021229@vnu.edu.vn','Vũ Trọng Dương','1999-10-03',NULL,'K62CA_CLC2'),(196,17021237,'17021237@vnu.edu.vn','Bùi Quang Hà','1999-02-25',NULL,'K62CA_CLC2'),(197,17021280,'17021280@vnu.edu.vn','Nguyễn Đức Lâm','1999-01-24',NULL,'K62CA_CLC2'),(198,17021263,'17021263@vnu.edu.vn','Nguyễn Quang Huy','1999-05-24',NULL,'K62CA_CLC1'),(199,17021291,'17021291@vnu.edu.vn','Phạm Khánh Ly','1999-08-18',NULL,'K62CA_CLC1'),(200,17021350,'17021350@vnu.edu.vn','Phạm Minh Tuấn','1999-08-31',NULL,'K62CA_CLC1'),(201,17021304,'17021304@vnu.edu.vn','Nguyễn Nam','1999-03-12',NULL,'K62CA_CLC2'),(202,17021332,'17021332@vnu.edu.vn','Lê Minh Tâm','1999-03-25',NULL,'K62CA_CLC1'),(203,17021351,'17021351@vnu.edu.vn','Hoàng Sơn Tùng','1999-08-08',NULL,'K62CA_CLC1'),(204,17021224,'17021224@vnu.edu.vn','Phạm Đức Duy','1999-09-14',NULL,'K62CA_CLC1'),(205,17021316,'17021316@vnu.edu.vn','Bùi Văn Phúc','1999-01-05',NULL,'K62CA_CLC2'),(206,17020913,'17020913@vnu.edu.vn','Nguyễn Sỹ Nam','1999-03-26',NULL,'K62CC'),(207,17020729,'17020729@vnu.edu.vn','Đoàn Duy Hiển','1999-03-20',NULL,'K62CD'),(208,17020888,'17020888@vnu.edu.vn','Bùi Quang Minh','1999-10-28',NULL,'K62CG'),(209,17020974,'17020974@vnu.edu.vn','Cao Xuân Quang','1999-03-18',NULL,'K62CC'),(210,17020688,'17020688@vnu.edu.vn','Bùi Huỳnh Đức','1999-12-20',NULL,'K62CD'),(211,17021017,'17021017@vnu.edu.vn','Nguyễn Tiến Thành','1999-04-17',NULL,'K62CF'),(212,17020800,'17020800@vnu.edu.vn','Nguyễn Văn Huy','1999-01-28',NULL,'K62CL'),(213,17021109,'17021109@vnu.edu.vn','Phan Văn Tuấn','1999-06-26',NULL,'K62CC'),(214,17020928,'17020928@vnu.edu.vn','Trần Đại Nghĩa','1999-07-18',NULL,'K62CF'),(215,17021164,'17021164@vnu.edu.vn','Phạm Hoàng Nam','1999-10-21',NULL,'K62J'),(216,17020854,'17020854@vnu.edu.vn','Lê Thị Thùy Linh','1998-10-24',NULL,'K62CG'),(217,16021648,'16021648@vnu.edu.vn','Lê Ngọc Thành','1998-06-16',NULL,'K61N'),(218,17020636,'17020636@vnu.edu.vn','Dư Đình Doanh','1999-12-14',NULL,'K62CB'),(219,17021018,'17021018@vnu.edu.vn','Nguyễn Văn Thành','1999-11-14',NULL,'K62CG'),(220,17020978,'17020978@vnu.edu.vn','Nguyễn Hữu Minh Quang','1999-10-30',NULL,'K62CL'),(221,17021080,'17021080@vnu.edu.vn','Nguyễn Hữu Trí','1997-06-26',NULL,'K62CL'),(222,17021170,'17021170@vnu.edu.vn','Bùi Thị Minh Anh','1999-11-16',NULL,'K62T'),(223,17021172,'17021172@vnu.edu.vn','Nguyễn Thị Hà','1999-03-20',NULL,'K62T'),(224,17020790,'17020790@vnu.edu.vn','Nguyễn Mạnh Hùng','1999-05-18',NULL,'K62CG'),(225,17020947,'17020947@vnu.edu.vn','Bùi Phương Nhung','1999-12-29',NULL,'K62CG'),(226,17020581,'17020581@vnu.edu.vn','Nguyễn Thị Lan Anh','1999-09-17',NULL,'K62CD'),(227,17020638,'17020638@vnu.edu.vn','Nguyễn Thị Xuân Dung','1999-07-09',NULL,'K62CD'),(228,17021012,'17021012@vnu.edu.vn','Nguyễn Hồng Thái','1999-09-28',NULL,'K62CD'),(229,17020639,'17020639@vnu.edu.vn','Đặng Anh Dũng','1999-04-07',NULL,'K62CD'),(230,17020603,'17020603@vnu.edu.vn','Hà Văn Bắc','1999-11-23',NULL,'K62CE'),(231,17021127,'17021127@vnu.edu.vn','Nguyễn Huy Việt','1999-11-16',NULL,'K62CC'),(232,17020844,'17020844@vnu.edu.vn','Nguyễn Thị Lan','1999-12-06',NULL,'K62 CQJ'),(233,17021177,'17021177@vnu.edu.vn','Phạm Thiên Long','1999-11-13',NULL,'K62T'),(234,17021095,'17021095@vnu.edu.vn','Lê Tuấn Tú','1999-04-18',NULL,'K62CL'),(235,17020936,'17020936@vnu.edu.vn','Ngô Gia Nguyên','1999-10-04',NULL,'K62CE'),(236,17020025,'17020025@vnu.edu.vn','Phạm Ngọc Hiếu','1999-01-21',NULL,'K62CAC'),(237,17020780,'17020780@vnu.edu.vn','Vũ Văn Học','1999-01-01',NULL,'K62CH'),(238,17020871,'17020871@vnu.edu.vn','Nguyễn Đức Lộc','1999-11-13',NULL,'K62CK'),(239,17020595,'17020595@vnu.edu.vn','Vũ Trung Anh','1999-04-22',NULL,'K62CL'),(240,17020939,'17020939@vnu.edu.vn','Đặng Văn Nguyễn','1999-07-26',NULL,'K62CL'),(241,16022435,'16022435@vnu.edu.vn','Doãn Đoàn Đại Hùng','1998-03-04',NULL,'K61N'),(242,17021142,'17021142@vnu.edu.vn','Trần Thế Vượng','1999-01-19',NULL,'K62CL'),(243,17020597,'17020597@vnu.edu.vn','Đặng Thị Ngọc Ánh','1999-12-18',NULL,'K62CL'),(244,17020766,'17020766@vnu.edu.vn','Nguyễn Cảnh Hoàng','1999-06-23',NULL,'K62CK'),(245,17020884,'17020884@vnu.edu.vn','Trần Đào Mạnh','1999-11-19',NULL,'K62CC'),(246,17020673,'17020673@vnu.edu.vn','Ngô Quốc Đạt','1999-09-14',NULL,'K62CG'),(247,17020798,'17020798@vnu.edu.vn','Ngô Đức Huy','1999-12-14',NULL,'K62CH'),(248,17021009,'17021009@vnu.edu.vn','Nguyễn Duy Tâm','1999-01-23',NULL,'K62CL'),(249,17020724,'17020724@vnu.edu.vn','Nguyễn Thu Hằng','1999-04-04',NULL,'K62CD'),(250,17021007,'17021007@vnu.edu.vn','Phạm Thị Thu Sương','1999-01-19',NULL,'K62CH'),(251,17020651,'17020651@vnu.edu.vn','Đặng Thị Duyên','1999-08-11',NULL,'K62CH'),(252,17020718,'17020718@vnu.edu.vn','Trần Ngọc Hải','1999-10-22',NULL,'K62CC'),(253,17021097,'17021097@vnu.edu.vn','Phạm Anh Tú','1999-02-24',NULL,'K62CC'),(254,17020975,'17020975@vnu.edu.vn','Đặng Vũ Nhật Quang','1999-11-13',NULL,'K62J'),(255,17021014,'17021014@vnu.edu.vn','Nguyễn Hữu Thanh','1999-01-31',NULL,'K62J'),(256,17021067,'17021067@vnu.edu.vn','Nguyễn Tiến Toàn','1999-07-16',NULL,'K62J'),(257,17020795,'17020795@vnu.edu.vn','Lê Hữu Đạt','1999-03-28',NULL,'K62J'),(258,16022445,'16022445@vnu.edu.vn','Phan Văn Tài','1993-02-10',NULL,'K61-N'),(259,17021038,'17021038@vnu.edu.vn','Nguyễn Văn Thế','1999-09-13',NULL,'K62CF'),(260,17020797,'17020797@vnu.edu.vn','Lê Quang Huy','1999-07-20',NULL,'K62CG'),(261,17020746,'17020746@vnu.edu.vn','Nguyễn Minh Hiếu','1999-06-28',NULL,'K62CD'),(262,17020676,'17020676@vnu.edu.vn','Nguyễn Văn Đạt','1999-03-15',NULL,'K62CE'),(263,17020788,'17020788@vnu.edu.vn','Nguyễn Mạnh Hùng','1999-05-27',NULL,'K62CE'),(264,17020869,'17020869@vnu.edu.vn','Ứng Thành Long','1999-05-17',NULL,'K62CE'),(265,17020877,'17020877@vnu.edu.vn','Vũ Thị Thanh Mai','1999-11-16',NULL,'K62CB'),(266,17020905,'17020905@vnu.edu.vn','Bùi Hoàng Nam','1999-03-25',NULL,'K62CB'),(267,17020946,'17020946@vnu.edu.vn','Đỗ Văn Nhị','1999-10-16',NULL,'K62CB'),(268,17021126,'17021126@vnu.edu.vn','Nguyễn Đức Việt','1999-01-26',NULL,'K62CB'),(269,17020602,'17020602@vnu.edu.vn','Đỗ Tuấn Bắc','1999-01-22',NULL,'K62CD'),(270,17021058,'17021058@vnu.edu.vn','Tạ Quang Thưởng','1999-10-28',NULL,'K62CE'),(271,17020711,'17020711@vnu.edu.vn','Nguyễn Thị Lệ Hà','1999-01-18',NULL,'K62CB'),(272,17020768,'17020768@vnu.edu.vn','Nguyễn Huy Hoàng','1999-05-13',NULL,'K62CB'),(273,17020980,'17020980@vnu.edu.vn','Phạm Hồng Quang','1999-12-24',NULL,'K62CH'),(274,17021094,'17021094@vnu.edu.vn','Vũ Quốc Trưởng','1999-05-07',NULL,'K62CH'),(275,17020759,'17020759@vnu.edu.vn','Phí Xuân Hoàn','1999-01-22',NULL,'K62CL'),(276,17020850,'17020850@vnu.edu.vn','Nguyễn Thị Liên','1999-01-14',NULL,'K62CL'),(277,17021115,'17021115@vnu.edu.vn','Vũ Văn Tùng','1999-08-31',NULL,'K62CL'),(278,17020633,'17020633@vnu.edu.vn','Ninh Hồng Diệp','1999-11-30',NULL,'K62CE'),(279,17020719,'17020719@vnu.edu.vn','Lê Hồng Hạnh','1999-01-20',NULL,'K62CE'),(280,17020916,'17020916@vnu.edu.vn','Nguyễn Thế Nam','1999-03-15',NULL,'K62J'),(281,17020763,'17020763@vnu.edu.vn','Đào Khả Hoàng','1999-10-11',NULL,'K62CE'),(282,17020817,'17020817@vnu.edu.vn','Phạm Nhật Hưng','1999-12-22',NULL,'K62CL'),(283,16022470,'16022470@vnu.edu.vn','Nguyễn Tân Sơn','1998-04-05',NULL,'K61N'),(284,17020612,'17020612@vnu.edu.vn','Phạm Văn Chính','1999-06-13',NULL,'K62CC'),(285,17020853,'17020853@vnu.edu.vn','Lê Thị Thùy Linh','1999-11-10',NULL,'K62CF'),(286,17021006,'17021006@vnu.edu.vn','Trần Thiên Sơn','1999-11-17',NULL,'K62CF'),(287,17020667,'17020667@vnu.edu.vn','Nguyễn Thị Đào','1999-12-21',NULL,'K62CH'),(288,17020674,'17020674@vnu.edu.vn','Ngô Văn Đạt','1999-10-30',NULL,'K62CH'),(289,17021063,'17021063@vnu.edu.vn','Vũ Đức Tiến','1999-01-18',NULL,'K62CK'),(290,17021073,'17021073@vnu.edu.vn','Nguyễn Thu Trang','1999-11-04',NULL,'K62J'),(291,17020648,'17020648@vnu.edu.vn','Nguyễn Trung Duy','1999-06-23',NULL,'K62CF'),(292,17020677,'17020677@vnu.edu.vn','Phạm Tiến Đạt','1999-08-18',NULL,'K62CF'),(293,17020784,'17020784@vnu.edu.vn','Hà Anh Hùng','1999-02-22',NULL,'K62CF'),(294,17020904,'17020904@vnu.edu.vn','Bùi Bá Nam','1999-09-15',NULL,'K62CL'),(295,15021351,'15021351@vnu.edu.vn','Hà Nhật Dương','1997-09-05',NULL,'K60CD'),(296,17021146,'17021146@vnu.edu.vn','Nguyễn Thành An','1999-04-03',NULL,'K62J'),(297,17021158,'17021158@vnu.edu.vn','Hoàng Thị Ngọc Huyền','1999-09-24',NULL,'K62J'),(298,17021160,'17021160@vnu.edu.vn','Hoàng Ngọc Khôi','1999-04-01',NULL,'K62J'),(299,17020753,'17020753@vnu.edu.vn','Dương Văn Hòa','1999-02-19',NULL,'K62CD'),(300,17021079,'17021079@vnu.edu.vn','Nguyễn Văn Tráng','1999-01-15',NULL,'K62CK'),(301,17021128,'17021128@vnu.edu.vn','Dương Khánh Linh','1999-08-16',NULL,'K62J'),(302,17020560,'17020560@vnu.edu.vn','Dương Hoài An','1999-02-02',NULL,'K62CB'),(303,17021200,'17021200@vnu.edu.vn','Trần Phương Nam','1999-08-27',NULL,'K62CAC'),(304,17020787,'17020787@vnu.edu.vn','Nguyễn Kim Hùng','1999-03-28',NULL,'K62CD'),(305,17020819,'17020819@vnu.edu.vn','Đỗ Thị Hương','1999-10-20',NULL,'K62CD'),(306,17021075,'17021075@vnu.edu.vn','Nguyễn Thị Huyền Trang','1999-08-07',NULL,'K62CD'),(307,17020705,'17020705@vnu.edu.vn','Nguyễn Trường Giang','1999-08-28',NULL,'K62CK'),(308,17021149,'17021149@vnu.edu.vn','Hoàng Quang Chỉnh','1999-03-06',NULL,'K62J'),(309,17020165,'17020165@vnu.edu.vn','Đào Quang Huy','1998-05-14',NULL,'K62CE'),(310,17020912,'17020912@vnu.edu.vn','Nguyễn Ngọc Nam','1999-12-15',NULL,'K62J'),(311,17020577,'17020577@vnu.edu.vn','Nguyễn Hoàng Anh','1999-09-08',NULL,'K62CF'),(312,17020650,'17020650@vnu.edu.vn','Vũ Khương Duy','1999-05-23',NULL,'K62CG'),(313,17020829,'17020829@vnu.edu.vn','Nguyễn Văn Khải','1998-03-20',NULL,'K62CK'),(314,17020919,'17020919@vnu.edu.vn','Vũ Hải Nam','1999-07-22',NULL,'K62CC'),(315,17020940,'17020940@vnu.edu.vn','Nguyễn Đức Nhã','1999-02-19',NULL,'K62CC'),(316,17020708,'17020708@vnu.edu.vn','Nguyễn Ngọc Giỏi','1999-12-27',NULL,'K62CD'),(317,17020629,'17020629@vnu.edu.vn','Tống Đức Cường','1999-01-13',NULL,'K62CF'),(318,17020812,'17020812@vnu.edu.vn','Nguyễn Đức Huynh','1999-08-29',NULL,'K62CE'),(319,17021011,'17021011@vnu.edu.vn','Lại Quang Thái','1999-06-20',NULL,'K62CC'),(320,17021103,'17021103@vnu.edu.vn','Lâm Văn Tuấn','1999-01-27',NULL,'K62CC'),(321,17021004,'17021004@vnu.edu.vn','Phạm Hoàng Sơn','1999-01-18',NULL,'K62CD'),(322,17021116,'17021116@vnu.edu.vn','Đinh Văn Tuyên','1999-04-09',NULL,'K62CD'),(323,17020750,'17020750@vnu.edu.vn','Trần Kim Hiếu','1999-08-20',NULL,'K62CK'),(324,17021001,'17021001@vnu.edu.vn','Nguyễn Ngọc Sơn','1999-12-27',NULL,'K62CK'),(325,17021194,'17021194@vnu.edu.vn','Nguyễn Khả Quang Huy','1999-08-28',NULL,'K62CAC'),(326,17020734,'17020734@vnu.edu.vn','Nguyễn Bá Hiệp','1999-10-31',NULL,'K62CK'),(327,17020882,'17020882@vnu.edu.vn','Phạm Hùng Mạnh','1999-09-29',NULL,'K62CK'),(328,17020952,'17020952@vnu.edu.vn','Lê Hồng Phong','1999-07-18',NULL,'K62CK'),(329,17021087,'17021087@vnu.edu.vn','Nguyễn Thành Trung','1999-02-24',NULL,'K62CK'),(330,17020842,'17020842@vnu.edu.vn','Lê Công Kỳ','1999-11-02',NULL,'K62CL'),(331,17020703,'17020703@vnu.edu.vn','Vũ Văn Đức','1999-12-21',NULL,'K62J'),(332,17020717,'17020717@vnu.edu.vn','Nguyễn Ngọc Hải','1998-09-22',NULL,'K62J'),(333,17021031,'17021031@vnu.edu.vn','Nguyễn Thành Thắng','1999-01-22',NULL,'K62CB'),(334,17020625,'17020625@vnu.edu.vn','Đoàn Mạnh Cường','1999-01-28',NULL,'K62CL'),(335,17021171,'17021171@vnu.edu.vn','Nguyễn Thành Đức','1999-08-25',NULL,'K62T'),(336,17021178,'17021178@vnu.edu.vn','Trần Trường Thủy','1999-05-23',NULL,'K62T'),(337,17020879,'17020879@vnu.edu.vn','Nguyễn Đức Mạnh','1999-12-19',NULL,'K62CF'),(338,17020958,'17020958@vnu.edu.vn','Lê Thị Phúc','1999-01-03',NULL,'K62J'),(339,17021168,'17021168@vnu.edu.vn','Nguyễn Thị Thu Thủy','1999-09-26',NULL,'K62J'),(340,17020710,'17020710@vnu.edu.vn','Lê Ngọc Hà','1999-06-22',NULL,'K62CG'),(341,17020727,'17020727@vnu.edu.vn','Trần Trung Hậu','1999-03-05',NULL,'K62J'),(342,17021083,'17021083@vnu.edu.vn','Võ Thị Phương Trinh','1999-01-17',NULL,'K62CD'),(343,17021066,'17021066@vnu.edu.vn','Nguyễn Minh Toàn','1999-06-05',NULL,'K62CD'),(344,17020732,'17020732@vnu.edu.vn','Hà Đức Hiệp','1999-04-24',NULL,'K62CG'),(345,17021108,'17021108@vnu.edu.vn','Nguyễn Văn Tuấn','1999-04-04',NULL,'K62CK'),(346,17020665,'17020665@vnu.edu.vn','Bùi Trọng A Đam','1996-11-24',NULL,'K62CL'),(347,17020616,'17020616@vnu.edu.vn','Nguyễn Duy Chương','1999-11-01',NULL,'K62CAC'),(348,17021191,'17021191@vnu.edu.vn','Nguyễn Huy Hoàng','1999-09-28',NULL,'K62CAC'),(349,17021192,'17021192@vnu.edu.vn','Nguyễn Đức Hùng','1999-03-19',NULL,'K62CAC'),(350,17021013,'17021013@vnu.edu.vn','Ngô Thị Hoài Thanh','1999-02-22',NULL,'K62CE'),(351,17020692,'17020692@vnu.edu.vn','Đào Anh Đức','1999-04-26',NULL,'K62CF'),(352,17021049,'17021049@vnu.edu.vn','Phạm Văn Thuấn','1999-06-28',NULL,'K62CL'),(353,17020709,'17020709@vnu.edu.vn','Dương Thu Hà','1999-10-13',NULL,'K62CAC'),(354,17020918,'17020918@vnu.edu.vn','Phan Phương Nam','1999-08-16',NULL,'K62CK'),(355,17020994,'17020994@vnu.edu.vn','Đặng Như Quỳnh','1999-02-09',NULL,'K62CH'),(356,17021055,'17021055@vnu.edu.vn','Phạm Thị Thúy','1999-10-13',NULL,'K62CB'),(357,17020872,'17020872@vnu.edu.vn','Dương Văn Lượng','1999-01-05',NULL,'K62CH'),(358,17020889,'17020889@vnu.edu.vn','Bùi Văn Minh','1999-09-13',NULL,'K62CH'),(359,17021028,'17021028@vnu.edu.vn','Nguyễn Chiến Thắng','1999-07-06',NULL,'K62CH'),(360,17021185,'17021185@vnu.edu.vn','Nguyễn Tiến Đạt','1999-03-15',NULL,'K62CAC'),(361,17021154,'17021154@vnu.edu.vn','Trần Huy Hoàng','1999-01-18',NULL,'K62J'),(362,17021156,'17021156@vnu.edu.vn','Nguyễn Thị Huệ','1999-09-18',NULL,'K62J'),(363,17020618,'17020618@vnu.edu.vn','Nguyễn Hoàng Minh Công','1999-08-15',NULL,'K62J'),(364,17020671,'17020671@vnu.edu.vn','Lưu Lê Tuấn Đạt','1999-10-28',NULL,'K62CB'),(365,17020631,'17020631@vnu.edu.vn','Phạm Mạnh Dân','1998-05-26',NULL,'K62CC'),(366,17020995,'17020995@vnu.edu.vn','Phạm Thị Như Quỳnh','1999-08-21',NULL,'K62CK'),(367,17020915,'17020915@vnu.edu.vn','Nguyễn Thành Nam','1999-01-30',NULL,'K62CE'),(368,17020697,'17020697@vnu.edu.vn','Nguyễn Minh Đức','1999-01-14',NULL,'K62CD'),(369,17020833,'17020833@vnu.edu.vn','Nguyễn Thị Khanh','1999-02-22',NULL,'K62CD'),(370,17021025,'17021025@vnu.edu.vn','Trịnh Thị Thảo','1999-09-10',NULL,'K62CD'),(371,17020847,'17020847@vnu.edu.vn','Nguyễn Thị Lê','1999-02-26',NULL,'K62CG'),(372,17020922,'17020922@vnu.edu.vn','Bùi Thị Ngát','1999-03-28',NULL,'K62CG'),(373,17021037,'17021037@vnu.edu.vn','Trịnh Hữu Thắng','1999-04-17',NULL,'K62CH'),(374,17021114,'17021114@vnu.edu.vn','Phạm Thanh Tùng','1999-08-11',NULL,'K62CK'),(375,17021070,'17021070@vnu.edu.vn','Nguyễn Thị Hương Trà','1999-11-21',NULL,'K62J'),(376,17020022,'17020022@vnu.edu.vn','Lê Bá Công','1999-12-09',NULL,'K62CAC'),(377,17020860,'17020860@vnu.edu.vn','Nguyễn Việt Linh','1999-01-21',NULL,'K62CB'),(378,17021203,'17021203@vnu.edu.vn','Trần Văn Quân','1999-01-13',NULL,'K62CAC'),(379,17020991,'17020991@vnu.edu.vn','Nguyễn Thị Thanh Quý','1999-11-29',NULL,'K62CE'),(380,17020896,'17020896@vnu.edu.vn','Nguyễn Ngọc Minh','1999-05-18',NULL,'K62CK'),(381,17021084,'17021084@vnu.edu.vn','Đỗ Quang Trung','1999-11-15',NULL,'K62J'),(382,17021089,'17021089@vnu.edu.vn','Trần Đức Trung','1999-09-27',NULL,'K62CAC'),(383,17021102,'17021102@vnu.edu.vn','Đỗ Quang Tuấn','1999-04-10',NULL,'K62CB'),(384,17020656,'17020656@vnu.edu.vn','Nguyễn Thái Dương','1999-10-27',NULL,'K62CD'),(385,17020875,'17020875@vnu.edu.vn','Phùng Thị Tuyết Mai','1999-04-23',NULL,'K62CD'),(386,17020984,'17020984@vnu.edu.vn','Hạp Tiến Quân','1999-06-23',NULL,'K62CD'),(387,17021016,'17021016@vnu.edu.vn','Nguyễn Bá Thành','1999-07-20',NULL,'K62CD'),(388,17020878,'17020878@vnu.edu.vn','Nguyễn Đăng Mạnh','1999-08-13',NULL,'K62CE'),(389,17020748,'17020748@vnu.edu.vn','Nguyễn Trung Hiếu','1999-01-15',NULL,'K62CF'),(390,17020764,'17020764@vnu.edu.vn','Lê Minh Hoàng','1999-12-30',NULL,'K62CF'),(391,17020609,'17020609@vnu.edu.vn','Nguyễn Viết Chiến','1998-01-30',NULL,'K62CH'),(392,17020893,'17020893@vnu.edu.vn','Lê Đức Minh','1999-10-23',NULL,'K62CD'),(393,17021195,'17021195@vnu.edu.vn','Nguyễn Văn Linh','1999-03-15',NULL,'K62CAC'),(394,17020589,'17020589@vnu.edu.vn','Phan Anh','1999-12-07',NULL,'K62CB'),(395,17021074,'17021074@vnu.edu.vn','Nguyễn Quỳnh Trang','1999-07-15',NULL,'K62CB'),(396,17020976,'17020976@vnu.edu.vn','Đoàn Văn Quang','1999-11-03',NULL,'K62CE'),(397,17020582,'17020582@vnu.edu.vn','Nguyễn Thị Quý Anh','1999-01-20',NULL,'K62CG'),(398,17020019,'17020019@vnu.edu.vn','Lê Mai An','1999-04-03',NULL,'K62CAC'),(399,17021138,'17021138@vnu.edu.vn','Nguyễn Tuấn Vũ','1999-05-21',NULL,'K62CF'),(400,17020744,'17020744@vnu.edu.vn','Nguyễn Mạnh Hiếu','1999-11-04',NULL,'K62CB'),(401,17020663,'17020663@vnu.edu.vn','Mai Thế Đại','1999-09-19',NULL,'K62CK'),(402,17020576,'17020576@vnu.edu.vn','Nguyễn Đức Anh','1999-12-13',NULL,'K62CF'),(403,17020731,'17020731@vnu.edu.vn','Đinh Thế Hiệp','1999-10-28',NULL,'K62CF'),(404,17021112,'17021112@vnu.edu.vn','Hoàng Duy Tùng','1999-09-27',NULL,'K62CF'),(405,17020881,'17020881@vnu.edu.vn','Phạm Đức Mạnh','1999-03-19',NULL,'K62CH'),(406,17020683,'17020683@vnu.edu.vn','Nguyễn Văn Đình','1999-02-18',NULL,'K62CK'),(407,17021113,'17021113@vnu.edu.vn','Nguyễn Thanh Tùng','1999-08-27',NULL,'K62CG'),(408,17021284,'17021284@vnu.edu.vn','Lưu Hoài Linh','1999-11-13',NULL,'K62CA-CLC2'),(409,17021267,'17021267@vnu.edu.vn','Phạm Quốc Huy','1999-12-28',NULL,'K62-CACLC3'),(410,17021261,'17021261@vnu.edu.vn','Phạm Thanh Hùng','1999-09-15',NULL,'K62CA-CLC3'),(411,15021924,'15021924@vnu.edu.vn','Phan Anh Dương','1997-10-20',NULL,'K60N'),(412,16021272,'16021272@vnu.edu.vn','Bùi Tiến Dũng','1998-06-29',NULL,'K61T'),(413,16022183,'16022183@vnu.edu.vn','Vũ Đăng Huy','1998-01-16',NULL,'K61N'),(414,15022005,'15022005@vnu.edu.vn','Trần Ngọc Minh','1997-08-30',NULL,'K60T'),(415,16022171,'16022171@vnu.edu.vn','Ngô Thị Hiền','1998-05-29',NULL,'K61N'),(416,16022436,'16022436@vnu.edu.vn','Nguyễn Huy Hùng','1995-12-14',NULL,'K61N'),(417,17021155,'17021155@vnu.edu.vn','Lê Văn Hợp','1999-06-21',NULL,'K62_J'),(418,17021039,'17021039@vnu.edu.vn','Bùi Anh Thi','1999-01-18',NULL,'KQH2017-I/CQ-C-G'),(419,16021021,'16021021@vnu.edu.vn','Chu Thị Thùy Linh','1998-05-16',NULL,'K61CC');
/*!40000 ALTER TABLE `student` ENABLE KEYS */;
UNLOCK TABLES;

--
-- Table structure for table `studentSemesterRel`
--

DROP TABLE IF EXISTS `studentSemesterRel`;
/*!40101 SET @saved_cs_client     = @@character_set_client */;
/*!40101 SET character_set_client = utf8 */;
CREATE TABLE `studentSemesterRel` (
  `idStudentsemesterrel` int(11) NOT NULL AUTO_INCREMENT,
  `idSemester` int(11) DEFAULT NULL,
  `idStudent` int(11) DEFAULT NULL,
  `removed` int(11) DEFAULT NULL,
  PRIMARY KEY (`idStudentsemesterrel`),
  KEY `idSemester` (`idSemester`),
  KEY `idStudent` (`idStudent`),
  CONSTRAINT `studentSemesterRel_ibfk_1` FOREIGN KEY (`idSemester`) REFERENCES `semester` (`idSemester`),
  CONSTRAINT `studentSemesterRel_ibfk_2` FOREIGN KEY (`idStudent`) REFERENCES `student` (`idStudent`)
) ENGINE=InnoDB AUTO_INCREMENT=442 DEFAULT CHARSET=utf8;
/*!40101 SET character_set_client = @saved_cs_client */;

--
-- Dumping data for table `studentSemesterRel`
--

LOCK TABLES `studentSemesterRel` WRITE;
/*!40000 ALTER TABLE `studentSemesterRel` DISABLE KEYS */;
INSERT INTO `studentSemesterRel` VALUES (3,154,2,NULL),(5,155,5,NULL),(6,155,143,NULL),(7,155,144,NULL),(8,155,145,NULL),(9,155,146,NULL),(10,155,6,NULL),(11,155,147,NULL),(12,155,148,NULL),(13,155,7,NULL),(14,155,8,NULL),(15,155,9,NULL),(16,155,149,NULL),(17,155,150,NULL),(18,155,151,NULL),(19,155,152,NULL),(20,155,10,NULL),(21,155,11,NULL),(22,155,12,NULL),(23,155,153,NULL),(24,155,154,NULL),(25,155,155,NULL),(26,155,156,NULL),(27,155,157,NULL),(28,155,408,NULL),(29,155,158,NULL),(30,155,409,NULL),(31,155,13,NULL),(32,155,14,NULL),(33,155,159,NULL),(34,155,160,NULL),(35,155,161,NULL),(36,155,162,NULL),(37,155,15,NULL),(38,155,16,NULL),(39,155,17,NULL),(40,155,163,NULL),(41,155,164,NULL),(42,155,165,NULL),(43,155,166,NULL),(44,155,167,NULL),(45,155,168,NULL),(46,155,169,NULL),(47,155,170,NULL),(48,155,18,NULL),(49,155,171,NULL),(50,155,172,NULL),(51,155,19,NULL),(52,155,20,NULL),(53,155,173,NULL),(54,155,410,NULL),(55,155,21,NULL),(56,155,22,NULL),(57,155,23,NULL),(58,155,174,NULL),(59,155,175,NULL),(60,155,176,NULL),(61,155,177,NULL),(62,155,178,NULL),(63,155,179,NULL),(64,155,24,NULL),(65,155,25,NULL),(66,155,26,NULL),(67,155,27,NULL),(68,155,28,NULL),(69,155,29,NULL),(70,155,30,NULL),(71,155,31,NULL),(72,155,32,NULL),(73,155,180,NULL),(74,155,181,NULL),(75,155,182,NULL),(76,155,183,NULL),(77,155,33,NULL),(78,155,34,NULL),(79,155,35,NULL),(80,155,36,NULL),(81,155,184,NULL),(82,155,185,NULL),(83,155,37,NULL),(84,155,38,NULL),(85,155,39,NULL),(86,155,40,NULL),(87,155,41,NULL),(88,155,186,NULL),(89,155,187,NULL),(90,155,42,NULL),(91,155,188,NULL),(92,155,189,NULL),(93,155,43,NULL),(94,155,190,NULL),(95,155,191,NULL),(96,155,44,NULL),(97,155,192,NULL),(98,155,193,NULL),(99,155,194,NULL),(100,155,195,NULL),(101,155,196,NULL),(102,155,197,NULL),(103,155,45,NULL),(104,155,46,NULL),(105,155,198,NULL),(106,155,199,NULL),(107,155,200,NULL),(108,155,201,NULL),(109,155,47,NULL),(110,155,202,NULL),(111,155,203,NULL),(112,155,204,NULL),(113,155,205,NULL),(114,155,206,NULL),(115,155,207,NULL),(116,155,208,NULL),(117,155,209,NULL),(118,155,210,NULL),(119,155,207,NULL),(120,155,211,NULL),(121,155,212,NULL),(122,155,48,NULL),(123,155,213,NULL),(124,155,214,NULL),(125,155,215,NULL),(126,155,216,NULL),(127,155,49,NULL),(128,155,217,NULL),(129,155,411,NULL),(130,155,218,NULL),(131,155,219,NULL),(132,155,220,NULL),(133,155,221,NULL),(134,155,222,NULL),(135,155,223,NULL),(136,155,50,NULL),(137,155,224,NULL),(138,155,225,NULL),(139,155,226,NULL),(140,155,227,NULL),(141,155,228,NULL),(142,155,229,NULL),(143,155,230,NULL),(144,155,53,NULL),(145,155,51,NULL),(146,155,52,NULL),(147,155,53,NULL),(148,155,231,NULL),(149,155,232,NULL),(150,155,54,NULL),(151,155,55,NULL),(152,155,233,NULL),(153,155,412,NULL),(154,155,56,NULL),(155,155,57,NULL),(156,155,234,NULL),(157,155,235,NULL),(158,155,58,NULL),(159,155,236,NULL),(160,155,237,NULL),(161,155,59,NULL),(162,155,238,NULL),(163,155,239,NULL),(164,155,240,NULL),(165,155,241,NULL),(166,155,242,NULL),(167,155,243,NULL),(168,155,244,NULL),(169,155,245,NULL),(170,155,246,NULL),(171,155,247,NULL),(172,155,248,NULL),(173,155,249,NULL),(174,155,250,NULL),(175,155,251,NULL),(176,155,252,NULL),(177,155,253,NULL),(178,155,60,NULL),(179,155,254,NULL),(180,155,255,NULL),(181,155,256,NULL),(182,155,129,NULL),(183,155,257,NULL),(184,155,258,NULL),(185,155,61,NULL),(186,155,62,NULL),(187,155,63,NULL),(188,155,259,NULL),(189,155,260,NULL),(190,155,261,NULL),(191,155,262,NULL),(192,155,263,NULL),(193,155,264,NULL),(194,155,64,NULL),(195,155,65,NULL),(196,155,66,NULL),(197,155,265,NULL),(198,155,266,NULL),(199,155,267,NULL),(200,155,268,NULL),(201,155,269,NULL),(202,155,270,NULL),(203,155,67,NULL),(204,155,271,NULL),(205,155,272,NULL),(206,155,68,NULL),(207,155,69,NULL),(208,155,273,NULL),(209,155,274,NULL),(210,155,70,NULL),(211,155,71,NULL),(212,155,275,NULL),(213,155,276,NULL),(214,155,72,NULL),(215,155,73,NULL),(216,155,74,NULL),(217,155,75,NULL),(218,155,76,NULL),(219,155,277,NULL),(220,155,256,NULL),(221,155,77,NULL),(222,155,78,NULL),(223,155,278,NULL),(224,155,279,NULL),(225,155,280,NULL),(226,155,281,NULL),(227,155,79,NULL),(228,155,413,NULL),(229,155,79,NULL),(230,155,282,NULL),(231,155,414,NULL),(232,155,254,NULL),(233,155,283,NULL),(234,155,284,NULL),(235,155,285,NULL),(236,155,286,NULL),(237,155,415,NULL),(238,155,80,NULL),(239,155,287,NULL),(240,155,288,NULL),(241,155,289,NULL),(242,155,290,NULL),(244,155,291,NULL),(245,155,292,NULL),(246,155,293,NULL),(247,155,81,NULL),(248,155,82,NULL),(249,155,83,NULL),(250,155,294,NULL),(251,155,295,NULL),(252,155,84,NULL),(253,155,85,NULL),(254,155,86,NULL),(255,155,87,NULL),(256,155,91,NULL),(257,155,296,NULL),(258,155,88,NULL),(259,155,89,NULL),(260,155,90,NULL),(261,155,297,NULL),(262,155,298,NULL),(263,155,299,NULL),(264,155,300,NULL),(265,155,301,NULL),(266,155,302,NULL),(267,155,91,NULL),(268,155,297,NULL),(269,155,298,NULL),(270,155,303,NULL),(271,155,304,NULL),(272,155,305,NULL),(273,155,306,NULL),(274,155,307,NULL),(275,155,308,NULL),(276,155,92,NULL),(277,155,92,NULL),(278,155,309,NULL),(280,155,310,NULL),(281,155,311,NULL),(282,155,93,NULL),(284,155,312,NULL),(285,155,313,NULL),(286,155,314,NULL),(287,155,315,NULL),(288,155,94,NULL),(289,155,95,NULL),(290,155,96,NULL),(291,155,316,NULL),(292,155,257,NULL),(293,155,97,NULL),(294,155,317,NULL),(295,155,318,NULL),(296,155,98,NULL),(297,155,319,NULL),(298,155,320,NULL),(299,155,321,NULL),(300,155,322,NULL),(301,155,99,NULL),(302,155,323,NULL),(303,155,324,NULL),(304,155,100,NULL),(305,155,101,NULL),(306,155,102,NULL),(307,155,103,NULL),(308,155,325,NULL),(309,155,326,NULL),(310,155,327,NULL),(311,155,328,NULL),(312,155,329,NULL),(313,155,330,NULL),(314,155,331,NULL),(315,155,332,NULL),(316,155,332,NULL),(317,155,416,NULL),(318,155,333,NULL),(319,155,334,NULL),(320,155,335,NULL),(321,155,336,NULL),(322,155,337,NULL),(323,155,338,NULL),(324,155,339,NULL),(325,155,417,NULL),(326,155,104,NULL),(327,155,340,NULL),(328,155,341,NULL),(329,155,105,NULL),(330,155,342,NULL),(331,155,343,NULL),(332,155,106,NULL),(333,155,344,NULL),(334,155,345,NULL),(335,155,346,NULL),(336,155,347,NULL),(337,155,348,NULL),(338,155,349,NULL),(339,155,107,NULL),(340,155,350,NULL),(341,155,351,NULL),(342,155,352,NULL),(343,155,152,NULL),(344,155,108,NULL),(345,155,109,NULL),(346,155,110,NULL),(347,155,111,NULL),(348,155,112,NULL),(349,155,113,NULL),(350,155,114,NULL),(351,155,115,NULL),(352,155,353,NULL),(354,155,354,NULL),(355,155,355,NULL),(356,155,356,NULL),(357,155,357,NULL),(358,155,358,NULL),(359,155,359,NULL),(360,155,116,NULL),(361,155,360,NULL),(362,155,361,NULL),(363,155,362,NULL),(364,155,361,NULL),(365,155,117,NULL),(366,155,118,NULL),(367,155,363,NULL),(368,155,363,NULL),(369,155,119,NULL),(370,155,120,NULL),(371,155,121,NULL),(372,155,122,NULL),(373,155,364,NULL),(374,155,365,NULL),(375,155,123,NULL),(376,155,124,NULL),(377,155,366,NULL),(378,155,301,NULL),(379,155,125,NULL),(380,155,126,NULL),(381,155,367,NULL),(382,155,368,NULL),(383,155,369,NULL),(384,155,370,NULL),(385,155,371,NULL),(386,155,372,NULL),(387,155,127,NULL),(388,155,128,NULL),(389,155,373,NULL),(390,155,374,NULL),(391,155,129,NULL),(392,155,375,NULL),(393,155,376,NULL),(394,155,130,NULL),(395,155,115,NULL),(396,155,377,NULL),(397,155,378,NULL),(398,155,379,NULL),(399,155,380,NULL),(400,155,131,NULL),(401,155,132,NULL),(402,155,381,NULL),(403,155,381,NULL),(404,155,382,NULL),(405,155,383,NULL),(406,155,384,NULL),(407,155,385,NULL),(408,155,386,NULL),(409,155,387,NULL),(410,155,388,NULL),(411,155,389,NULL),(412,155,390,NULL),(413,155,391,NULL),(414,155,133,NULL),(415,155,392,NULL),(416,155,418,NULL),(417,155,393,NULL),(418,155,394,NULL),(419,155,134,NULL),(420,155,395,NULL),(421,155,396,NULL),(422,155,135,NULL),(423,155,397,NULL),(424,155,398,NULL),(425,155,136,NULL),(426,155,137,NULL),(427,155,399,NULL),(428,155,400,NULL),(429,155,138,NULL),(430,155,139,NULL),(431,155,401,NULL),(432,155,419,NULL),(433,155,140,NULL),(434,155,402,NULL),(435,155,403,NULL),(436,155,141,NULL),(437,155,404,NULL),(438,155,405,NULL),(439,155,406,NULL),(440,155,407,NULL),(441,155,142,NULL);
/*!40000 ALTER TABLE `studentSemesterRel` ENABLE KEYS */;
UNLOCK TABLES;
/*!40103 SET TIME_ZONE=@OLD_TIME_ZONE */;

/*!40101 SET SQL_MODE=@OLD_SQL_MODE */;
/*!40014 SET FOREIGN_KEY_CHECKS=@OLD_FOREIGN_KEY_CHECKS */;
/*!40014 SET UNIQUE_CHECKS=@OLD_UNIQUE_CHECKS */;
/*!40101 SET CHARACTER_SET_CLIENT=@OLD_CHARACTER_SET_CLIENT */;
/*!40101 SET CHARACTER_SET_RESULTS=@OLD_CHARACTER_SET_RESULTS */;
/*!40101 SET COLLATION_CONNECTION=@OLD_COLLATION_CONNECTION */;
/*!40111 SET SQL_NOTES=@OLD_SQL_NOTES */;

-- Dump completed on 2021-03-13 17:09:08
