-- MySQL dump 10.13  Distrib 5.7.33, for Linux (x86_64)
--
-- Host: localhost    Database: srm
-- ------------------------------------------------------
-- Server version	5.7.33-0ubuntu0.18.04.1

/*!40101 SET @OLD_CHARACTER_SET_CLIENT=@@CHARACTER_SET_CLIENT */;
/*!40101 SET @OLD_CHARACTER_SET_RESULTS=@@CHARACTER_SET_RESULTS */;
/*!40101 SET @OLD_COLLATION_CONNECTION=@@COLLATION_CONNECTION */;
/*!40101 SET NAMES utf8 */;
/*!40103 SET @OLD_TIME_ZONE=@@TIME_ZONE */;
/*!40103 SET TIME_ZONE='+00:00' */;
/*!40014 SET @OLD_UNIQUE_CHECKS=@@UNIQUE_CHECKS, UNIQUE_CHECKS=0 */;
/*!40014 SET @OLD_FOREIGN_KEY_CHECKS=@@FOREIGN_KEY_CHECKS, FOREIGN_KEY_CHECKS=0 */;
/*!40101 SET @OLD_SQL_MODE=@@SQL_MODE, SQL_MODE='NO_AUTO_VALUE_ON_ZERO' */;
/*!40111 SET @OLD_SQL_NOTES=@@SQL_NOTES, SQL_NOTES=0 */;

--
-- Table structure for table `advisor`
--

DROP TABLE IF EXISTS `advisor`;
/*!40101 SET @saved_cs_client     = @@character_set_client */;
/*!40101 SET character_set_client = utf8 */;
CREATE TABLE `advisor` (
  `idAdvisor` int(11) NOT NULL AUTO_INCREMENT,
  `email` varchar(100) DEFAULT NULL,
  `fullname` varchar(200) DEFAULT NULL,
  `idQuota` int(11) DEFAULT NULL,
  `idGuestadvisor` int(11) DEFAULT NULL,
  PRIMARY KEY (`idAdvisor`),
  KEY `idQuota` (`idQuota`),
  KEY `idGuestadvisor` (`idGuestadvisor`),
  CONSTRAINT `advisor_ibfk_1` FOREIGN KEY (`idQuota`) REFERENCES `quota` (`idQuota`),
  CONSTRAINT `advisor_ibfk_2` FOREIGN KEY (`idGuestadvisor`) REFERENCES `guestadvisor` (`idGuestadvisor`)
) ENGINE=InnoDB AUTO_INCREMENT=1342 DEFAULT CHARSET=utf8;
/*!40101 SET character_set_client = @saved_cs_client */;

--
-- Dumping data for table `advisor`
--

LOCK TABLES `advisor` WRITE;
/*!40000 ALTER TABLE `advisor` DISABLE KEYS */;
INSERT INTO `advisor` VALUES (4,'tunghx@vnu.edu.vn','Hoàng Xuân Tùng',3,NULL),(7,'guest1@ptit.vnpt.vn','Guest 11',2,13),(8,'dodv@vnu.edu.vn','Đặng Văn Đô',4,NULL),(9,'vietanh@vnu.edu.vn','Nguyễn Việt Anh',2,NULL),(764,'khiemnt@vnu.edu.vn','Nguyễn Tiến Khiêm',NULL,NULL),(765,'maidn@vnu.edu.vn','Đào Như Mai',NULL,NULL),(766,'menhnc@vnu.edu.vn','Nguyễn Cao Mệnh',NULL,NULL),(767,'tritd@vnu.edu.vn','Trần Dương Trí',NULL,NULL),(768,'thangpm@vnu.edu.vn','Phạm Mạnh Thắng',NULL,NULL),(769,'anhnd@vnu.edu.vn','Nguyễn Đông Anh',NULL,NULL),(770,'manhdv@vnu.edu.vn','Đinh Văn Mạnh',NULL,NULL),(771,'camlaint@vnu.edu.vn','Nguyễn Thị Cẩm Lai',NULL,NULL),(772,'haidn@vnu.edu.vn','Dương Ngọc Hải',NULL,NULL),(773,'hienhn@vnu.edu.vn','Hà Ngọc Hiến',NULL,NULL),(774,'namd@vnu.edu.vn','Đỗ Nam',NULL,NULL),(775,'tribd@vnu.edu.vn','Bùi Đình Trí',NULL,NULL),(776,'trungnt_tth@vnu.edu.vn','Nguyễn Thành Trung',NULL,NULL),(777,'lyptc@vnu.edu.vn','Phan Thị Cẩm Ly',NULL,NULL),(778,'scjung@vnu.edu.vn','Jung Seung Chul',NULL,NULL),(779,'camlypt@vnu.edu.vn','Phan Thị Cẩm Ly',NULL,NULL),(780,'patuan@vnu.edu.vn','Phạm Anh Tuấn',NULL,NULL),(781,'thle@vnu.edu.vn','Lê Thái Hòa',NULL,NULL),(782,'chaunh@vnu.edu.vn','Nguyễn Hải Châu',2,NULL),(783,'duyp@vnu.edu.vn','Phạm Duy',NULL,NULL),(784,'hailh@vnu.edu.vn','Lê Hồng Hải',3,NULL),(785,'hanhdp@vnu.edu.vn','Dư Phương Hạnh',3,NULL),(786,'hienttt@vnu.edu.vn','Trương Thị Thu Hiền',NULL,NULL),(787,'hieulq@vnu.edu.vn','Lê Quang Hiếu',3,NULL),(788,'hoa.nguyen@vnu.edu.vn','Nguyễn Ngọc Hóa',2,NULL),(789,'nguyenhau@vnu.edu.vn','Nguyễn Thị Hậu',3,NULL),(790,'ntthanh@vnu.edu.vn','Nguyễn Trí Thành',2,NULL),(791,'tientn@vnu.edu.vn','Trịnh Nhật Tiến',NULL,NULL),(792,'chauttm@vnu.edu.vn','Trần Thị Minh Châu',3,NULL),(793,'dseuet@vnu.edu.vn','Bộ môn CNPM',NULL,NULL),(794,'dungvq@vnu.edu.vn','Vũ Quang Dũng',NULL,NULL),(795,'hanhdd@vnu.edu.vn','Đặng Đức Hạnh',3,NULL),(796,'hanv@vnu.edu.vn','Nguyễn Việt Hà',2,NULL),(797,'hungpn@vnu.edu.vn','Phạm Ngọc Hùng',2,NULL),(798,'huongvd@vnu.edu.vn','Vũ Diệu Hương',3,NULL),(799,'khanhtv@vnu.edu.vn','Tô Văn Khánh',3,NULL),(800,'nguyenhoangha@vnu.edu.vn','Nguyễn Hoàng Hà',NULL,NULL),(801,'tannv@vnu.edu.vn','Nguyễn Việt Tân',4,NULL),(802,'thanhntn@vnu.edu.vn','Nguyễn Thị Nhật Thanh',2,NULL),(803,'thuongttm@vnu.edu.vn','Trần Thị Mai Thương',NULL,NULL),(804,'zungptk@vnu.edu.vn','Phạm Thị Kim Dung',NULL,NULL),(805,'dolp@vnu.edu.vn','Lê Phê Đô',3,NULL),(806,'tungbt_vnu@vnu.edu.vn','Bùi Thanh Tùng',NULL,NULL),(807,'chaumt@vnu.edu.vn','Ma Thị Châu',3,NULL),(808,'cuongdc@vnu.edu.vn','Đặng Cao Cường',NULL,NULL),(809,'diepht@vnu.edu.vn','Hoàng Thị Điệp',3,NULL),(810,'duybt@vnu.edu.vn','Bùi Thế Duy',NULL,NULL),(811,'duyennt@vnu.edu.vn','Ngô Thị Duyên',3,NULL),(812,'huanhx@vnu.edu.vn','Hoàng Xuân Huấn',NULL,NULL),(813,'khoilm@vnu.edu.vn','Lê Minh Khôi',NULL,NULL),(814,'pht@vnu.edu.vn','Phạm Hồng Thái',NULL,NULL),(815,'thainp@vnu.edu.vn','Nguyễn Phương Thái',NULL,NULL),(816,'thangbn@vnu.edu.vn','Bùi Ngọc Thăng',3,NULL),(817,'tqlong@vnu.edu.vn','Trần Quốc Long',3,NULL),(818,'tranghtn@vnu.edu.vn','Hoàng Thị Ngọc Trang',NULL,NULL),(819,'vinhls@vnu.edu.vn','Lê Sỹ Vinh',2,NULL),(820,'damhs@vnu.edu.vn','Hồ Sĩ Đàm',NULL,NULL),(821,'huongbtl@vnu.edu.vn','Bùi Thị Lan Hương',NULL,NULL),(822,'minhdl@vnu.edu.vn','Dương Lê Minh',3,NULL),(823,'minhnl@vnu.edu.vn','Ngô Lê Minh',NULL,NULL),(824,'nguyendaitho@vnu.edu.vn','Nguyễn Đại Thọ',3,NULL),(825,'nmtri@vnu.edu.vn','Nguyễn Minh Trí',NULL,NULL),(826,'phananh@vnu.edu.vn','Phan Anh',4,NULL),(827,'phuonghd@vnu.edu.vn','Hồ Đắc Phương',4,NULL),(828,'sonnh@vnu.edu.vn','Nguyễn Hoài Sơn',2,NULL),(829,'thond_cn@vnu.edu.vn','Nguyễn Đại Thọ',3,NULL),(830,'thudm@vnu.edu.vn','Đào Minh Thư',4,NULL),(831,'ducthien2701@vnu.edu.vn','Nguyễn Đức Thiện',4,NULL),(832,'namnh@vnu.edu.vn','Nguyễn Hà Nam',2,NULL),(833,'nguyenlv@vnu.edu.vn','Lương Việt Nguyên',4,NULL),(834,'baoptm@vnu.edu.vn','Phạm Thị Mai Bảo',NULL,NULL),(835,'thanhntm@vnu.edu.vn','Nguyễn Thị Minh Thanh',NULL,NULL),(836,'khuongnd@vnu.edu.vn','Nguyễn Duy Khương',NULL,NULL),(837,'thuantn@vnu.edu.vn','Trương Ninh Thuận',2,NULL),(838,'tuanpd@vnu.edu.vn','Phạm Đình Tuân',NULL,NULL),(839,'vanntt@vnu.edu.vn','Nguyễn Thị Thanh Vân',NULL,NULL),(840,'vietda@vnu.edu.vn','Đặng Anh Việt',NULL,NULL),(841,'dttmai@vnu.edu.vn','Đinh Thị Thái Mai',NULL,NULL),(842,'ninhbt@vnu.edu.vn','Bùi Trung Ninh',NULL,NULL),(843,'tuannq@vnu.edu.vn','Nguyễn Quốc Tuấn',NULL,NULL),(844,'haitt@vnu.edu.vn','Trần Thanh Hải',NULL,NULL),(845,'quangnv@vnu.edu.vn','Nguyễn Vinh Quang',NULL,NULL),(846,'duongdt@vnu.edu.vn','Đinh Triều Dương',NULL,NULL),(847,'quynhttt@vnu.edu.vn','Trần Thị Thuý Quỳnh',NULL,NULL),(848,'trint@vnu.edu.vn','Ngô Thái Trị',NULL,NULL),(849,'tuyentd@vnu.edu.vn','Tạ Đức Tuyên',NULL,NULL),(850,'dtvt.vp@vnu.edu.vn','Văn phòng khoa Điện tử viễn thông',NULL,NULL),(851,'dungctp@vnu.edu.vn','Chu Thị Phương Dung',NULL,NULL),(852,'halm@vnu.edu.vn','Lưu Mạnh Hà',NULL,NULL),(853,'longnt@vnu.edu.vn','Nguyễn Thăng Long',NULL,NULL),(854,'miennv@vnu.edu.vn','Nguyễn Văn Miên',NULL,NULL),(855,'trinhcd@vnu.edu.vn','Chử Đức Trình',NULL,NULL),(856,'tungbt@vnu.edu.vn','Bùi Thanh Tùng',NULL,NULL),(857,'tutx@vnu.edu.vn','Trần Xuân Tú',NULL,NULL),(858,'halv@vnu.edu.vn','Lê Vũ Hà',NULL,NULL),(859,'khoadtvt@vnu.edu.vn','Khoa Dien tu-Vien thong',NULL,NULL),(860,'minhlq@vnu.edu.vn','Lê Quốc Minh',NULL,NULL),(861,'namnph@vnu.edu.vn','Nguyễn Phương Hoài Nam',NULL,NULL),(862,'nghiand@vnu.edu.vn','Nguyễn Đức Nghĩa',NULL,NULL),(863,'hoipv@vnu.edu.vn','Phạm Văn Hội',NULL,NULL),(864,'hungnd@vnu.edu.vn','Nguyễn Đại Hưng',NULL,NULL),(865,'liemnq@vnu.edu.vn','Nguyễn Quang Liêm',NULL,NULL),(866,'mienvd@vnu.edu.vn','Vũ Doãn Miên',NULL,NULL),(867,'ngapt@vnu.edu.vn','Phạm Thu Nga',NULL,NULL),(868,'quangvx@vnu.edu.vn','Vũ Xuân Quang',NULL,NULL),(869,'danhtm@vnu.edu.vn','Trần Mậu Danh',NULL,NULL),(870,'giangdth@vnu.edu.vn','Đỗ Thị Hương Giang',NULL,NULL),(871,'khoiph@vnu.edu.vn','Phan Hồng Khôi',NULL,NULL),(872,'minhpn69@vnu.edu.vn','Phan Ngọc Minh',NULL,NULL),(873,'ngocntb@vnu.edu.vn','Nguyễn Thị Bảo Ngọc',NULL,NULL),(874,'buidinhtu@vnu.edu.vn','Bùi Đình Tú',NULL,NULL),(875,'chungdn@vnu.edu.vn','Đỗ Ngọc Chung',NULL,NULL),(876,'cuonglv@vnu.edu.vn','Lê Việt Cường',NULL,NULL),(877,'cuongnk@vnu.edu.vn','Nguyễn Kiên Cường',NULL,NULL),(878,'khoatd@vnu.edu.vn','Trần Đăng Khoa',NULL,NULL),(879,'pdthang@vnu.edu.vn','Phạm Đức Thắng',NULL,NULL),(880,'quyenht@vnu.edu.vn','Hà Thị Quyến',NULL,NULL),(881,'kse2009@vnu.edu.vn','KSE 2009',NULL,NULL),(882,'phuongdm@vnu.edu.vn','Đoàn Minh Phương',NULL,NULL),(883,'oanhtt@vnu.edu.vn','Trần Thị Oanh',NULL,NULL),(884,'vinhnv@vnu.edu.vn','Nguyễn Văn Vinh',3,NULL),(885,'ngocpc@vnu.edu.vn','Phạm Cẩm Ngọc',NULL,NULL),(886,'nvdung@vnu.edu.vn','Nguyễn Việt Dũng',NULL,NULL),(887,'sondc@vnu.edu.vn','Đinh Cao Sơn',NULL,NULL),(888,'manhhv87@vnu.edu.vn','Hoàng Văn Mạnh',NULL,NULL),(889,'sonnc@vnu.edu.vn','Nguyễn Cao Sơn',NULL,NULL),(890,'hongntm@vnu.edu.vn','Nguyễn Thị Minh Hồng',NULL,NULL),(891,'anhht@vnu.edu.vn','Hồ Thị Anh',NULL,NULL),(892,'doannb@vnu.edu.vn','Nguyễn Bá Đoàn',NULL,NULL),(893,'quyennm2010@vnu.edu.vn','Nguyễn Minh Quyên',NULL,NULL),(894,'mai.tran@vnu.edu.vn','Trần Trúc Mai',3,NULL),(895,'congls@vnu.edu.vn','Lâm Sinh Công',NULL,NULL),(896,'quyennv@vnu.edu.vn','Nguyễn Văn Quyền',NULL,NULL),(897,'trinhtrung@vnu.edu.vn','Trịnh Quốc Trung',NULL,NULL),(898,'thaott@vnu.edu.vn','Trẩn Thị Thao',NULL,NULL),(899,'lehien@vnu.edu.vn','Lê Thị Hiên',NULL,NULL),(900,'hangbt@vnu.edu.vn','Bùi Thu Hằng',NULL,NULL),(901,'dvh_wifi@vnu.edu.vn','Đặng Văn Hưng',NULL,NULL),(902,'ngocdiep@vnu.edu.vn','Nguyễn Thị Ngọc Diệp',3,NULL),(903,'tranhiep.dinh@vnu.edu.vn','Đinh Trần Hiệp',NULL,NULL),(904,'nhquan@vnu.edu.vn','Nguyễn Hoàng Quân',NULL,NULL),(905,'vlkt-cnnn@vnu.edu.vn','Khoa Vật lý kỹ thuật và công nghệ nanô',NULL,NULL),(906,'baongoc124@vnu.edu.vn','Nguyễn Bảo Ngọc',NULL,NULL),(907,'trongld@vnu.edu.vn','Lê Đức Trọng',3,NULL),(908,'diepbp@vnu.edu.vn','Bùi Phi Điệp',NULL,NULL),(909,'khoi.n.le@vnu.edu.vn','Lê Nguyên Khôi',3,NULL),(910,'chaunth@vnu.edu.vn','Nguyễn Thị Huyền Châu',NULL,NULL),(911,'hieupx@vnu.edu.vn','Phan Xuân Hiếu',2,NULL),(912,'dinhnn@vnu.edu.vn','Nguyễn Năng Định',NULL,NULL),(913,'linhtrung@vnu.edu.vn','Nguyễn Linh Trung',NULL,NULL),(914,'vutm@vnu.edu.vn','Trần Mai Vũ',3,NULL),(915,'truongnx@vnu.edu.vn','Nguyễn Xuân Trường',NULL,NULL),(916,'tnq-bui@vnu.edu.vn','Bùi Nguyên Quốc Trình',NULL,NULL),(917,'trienpm@vnu.edu.vn','Phạm Minh Triển',NULL,NULL),(918,'hungbq@vnu.edu.vn','Bùi Quang Hưng',3,NULL),(919,'hieuvd@vnu.edu.vn','Võ Đình Hiếu',3,NULL),(920,'hoangta@vnu.edu.vn','Trương Anh Hoàng',2,NULL),(921,'anhvutt@vnu.edu.vn','Vũ Thị Thùy Anh',NULL,NULL),(922,'ddlong@vnu.edu.vn','Đặng Đình Long',NULL,NULL),(923,'sonbh@vnu.edu.vn','Bùi Hồng Sơn',NULL,NULL),(924,'duongpm@vnu.edu.vn','Phung',NULL,NULL),(925,'rev_conf@vnu.edu.vn','REV CONF',NULL,NULL),(926,'dangph@vnu.edu.vn','Phạm Hải Đăng',NULL,NULL),(927,'cuongcx@vnu.edu.vn','Chu Xuân Cường',NULL,NULL),(928,'van.nam@vnu.edu.vn','Nguyễn Văn Nam',NULL,NULL),(929,'namhh@vnu.edu.vn','Hà Hải Nam',NULL,NULL),(930,'tungbd@vnu.edu.vn','Bùi Đức Tùng',NULL,NULL),(931,'dinhchau@vnu.edu.vn','Đinh Văn Châu',NULL,NULL),(932,'hai.dang@vnu.edu.vn','Đặng Thanh Hải',3,NULL),(933,'pvthuy@vnu.edu.vn','Phí Văn Thủy',NULL,NULL),(934,'thanhnx_1@vnu.edu.vn','Nguyễn Xuân Thanh',NULL,NULL),(935,'huyenbionano@vnu.edu.vn','Vũ Thị Huyền',NULL,NULL),(936,'nxtruong@vnu.edu.vn','Nguyễn Xuân Trường',NULL,NULL),(937,'ngocnt2387@vnu.edu.vn','Nguyễn Thị Ngọc',NULL,NULL),(938,'kse2014@vnu.edu.vn','KSE 2014',NULL,NULL),(939,'nlnguyen@vnu.edu.vn','Nguyễn Ngọc Linh',NULL,NULL),(940,'iwaqa2014@vnu.edu.vn','iwaqa2014 Secretary',NULL,NULL),(941,'tantd@vnu.edu.vn','duc-tan',NULL,NULL),(942,'nanomata2014@vnu.edu.vn','Nanomata 2014 conference contact',NULL,NULL),(943,'dvmanh@vnu.edu.vn','Dinh Van Manh',NULL,NULL),(944,'hoainam@vnu.edu.vn','Nguyễn Hoài Nam',NULL,NULL),(945,'vynv@vnu.edu.vn','Nguyễn Văn Vỵ',NULL,NULL),(946,'giaodd@vnu.edu.vn','Đỗ Đức Giáo',NULL,NULL),(947,'hoangnc@vnu.edu.vn','Nguyễn Cảnh Hoàng',NULL,NULL),(948,'tuongdm@vnu.edu.vn','Đinh Mạnh Tường',NULL,NULL),(949,'toannq@vnu.edu.vn','Nguyễn Quốc Toản',NULL,NULL),(950,'tuen@vnu.edu.vn','Nguyễn Tuệ',NULL,NULL),(951,'tapnd@vnu.edu.vn','Ngô Diên Tập',NULL,NULL),(952,'vyvd@vnu.edu.vn','Vương Đạo Vy',NULL,NULL),(953,'giaonk@vnu.edu.vn','Nguyễn Kim Giao',NULL,NULL),(954,'tuyetpt@vnu.edu.vn','Phạm Thị Tuyết',NULL,NULL),(955,'anhp@vnu.edu.vn','Phan Anh',4,NULL),(956,'kinhnv@vnu.edu.vn','Nguyễn Viết Kính',NULL,NULL),(957,'sunghv@vnu.edu.vn','Hồ Văn Sung',NULL,NULL),(958,'tuehh@vnu.edu.vn','Huỳnh Hữu Tuệ',NULL,NULL),(959,'thanhld@vnu.edu.vn','Lê Đình Thanh',3,NULL),(960,'icdv2014@vnu.edu.vn','ICDVN 2014 conference contact',NULL,NULL),(961,'dnmai@vnu.edu.vn','Dao Nhu Mai',NULL,NULL),(962,'trinhlk@vnu.edu.vn','Lê Khánh Trình',NULL,NULL),(963,'binhkt@vnu.edu.vn','Kieu Thanh Binh',NULL,NULL),(964,'ndchinh@vnu.edu.vn','Nguyen Dinh Chinh',NULL,NULL),(965,'vtduong@vnu.edu.vn','Vu Thai Duong',NULL,NULL),(966,'nnviet@vnu.edu.vn','Nguyễn Ngọc Việt',NULL,NULL),(967,'hongthinh.nguyen@vnu.edu.vn','Nguyễn',NULL,NULL),(968,'tanhvu@vnu.edu.vn','Vu Tuan Anh',NULL,NULL),(969,'carbc@vnu.edu.vn','CARBC',NULL,NULL),(970,'cong.nguyen.van@vnu.edu.vn','Nguyễn Văn Công',NULL,NULL),(971,'hoangqc@vnu.edu.vn','Quách Công',NULL,NULL),(973,'huongdt.di12@vnu.edu.vn','Đào Thị Hường',NULL,NULL),(974,'thuyln@vnu.edu.vn','Lê Ngọc Thủy',NULL,NULL),(975,'cuongla@vnu.edu.vn','Lê Anh Cường',NULL,NULL),(976,'congdm@vnu.edu.vn','Đặng Minh Công',NULL,NULL),(977,'duonghm@vnu.edu.vn','Hoàng Minh Đường',NULL,NULL),(978,'quyha@vnu.edu.vn','Hoàng Anh Quý',NULL,NULL),(979,'nguyenducanh@vnu.edu.vn','Nguyễn Đức Anh',4,NULL),(980,'sonnguyen@vnu.edu.vn','Nguyễn Văn Sơn',NULL,NULL),(981,'nguyenhathanh@vnu.edu.vn','Nguyễn Hà Thanh',NULL,NULL),(982,'nvkhoa@vnu.edu.vn','Nguyễn Việt Khoa',NULL,NULL),(983,'trinhbnq@vnu.edu.vn','Bùi Nguyên Quốc Trình',NULL,NULL),(984,'quantq@vnu.edu.vn','Trần Quốc Quân',NULL,NULL),(985,'fema@vnu.edu.vn','Email Khoa CHKT&TDH',NULL,NULL),(986,'duyphuc@vnu.edu.vn','Phạm Duy Phúc',NULL,NULL),(987,'xiemhoang@vnu.edu.vn','Hoàng Văn Xiêm',NULL,NULL),(988,'lesyquoc@vnu.edu.vn','Lê Sỹ Quốc',NULL,NULL),(990,'thanhnd_physic@vnu.edu.vn','Nguyễn Doãn Thành',NULL,NULL),(991,'doan.hd.amsl.eng@vnu.edu.vn','Đoàn Hồng Đức',NULL,NULL),(992,'phamtrang@vnu.edu.vn','Phạm Thị Thu Trang',NULL,NULL),(993,'sislab@vnu.edu.vn','SISLAB',NULL,NULL),(994,'hoisinhviendhcn@vnu.edu.vn','Hội sinh viên Trường Đại học Công nghệ',NULL,NULL),(995,'nvantan94@vnu.edu.vn','Ngô Văn Tân',NULL,NULL),(996,'anhv@vnu.edu.vn','Vũ Việt Anh',NULL,NULL),(997,'tuanphong@vnu.edu.vn','Tuan-Phong Nguyen',NULL,NULL),(998,'hientv@vnu.edu.vn','Trần Văn Hiến',NULL,NULL),(999,'trannhuchi@vnu.edu.vn','Trần Như Chí',NULL,NULL),(1000,'namnx228@vnu.edu.vn','Nghiêm Xuân Nam',NULL,NULL),(1001,'hongvt57@vnu.edu.vn','Vương Thị Hồng',4,NULL),(1002,'yenvth@vnu.edu.vn','Vương Thị Hải Yến',4,NULL),(1003,'fit@vnu.edu.vn','Khoa Công nghệ thông tin',NULL,NULL),(1004,'nguyenminhduc@vnu.edu.vn','Nguyễn Minh Đức',NULL,NULL),(1005,'vudq@vnu.edu.vn','Dương Quang Vũ',NULL,NULL),(1006,'hoangnn@vnu.edu.vn','Nguyễn Nam Hoàng',2,NULL),(1007,'mainty@vnu.edu.vn','Nguyễn Thị Yến Mai',NULL,NULL),(1008,'linhntp@vnu.edu.vn','Nguyễn Thị Phương Linh',NULL,NULL),(1009,'thuannm@vnu.edu.vn','Nguyễn Minh Thuận',4,NULL),(1010,'ngocan@vnu.edu.vn','Nguyễn Ngọc An',NULL,NULL),(1011,'yenth@vnu.edu.vn','Trần Hải Yến',NULL,NULL),(1013,'anhvm@vnu.edu.vn','Vũ Minh Anh',NULL,NULL),(1014,'quangvd2510@vnu.edu.vn','Vũ Đình Quang',NULL,NULL),(1015,'tranthanhtung@vnu.edu.vn','Trần Thanh Tùng',NULL,NULL),(1016,'phongnk@vnu.edu.vn','Nguyễn Khắc Phong',NULL,NULL),(1017,'phongdk@vnu.edu.vn','Đỗ Khắc Phong',NULL,NULL),(1018,'tungnb@vnu.edu.vn','Nguyễn Bá Tùng',NULL,NULL),(1019,'ntplinh@vnu.edu.vn','Nguyễn Thị Phương Linh',NULL,NULL),(1020,'sonpb@vnu.edu.vn','Phạm Bảo Sơn',NULL,NULL),(1021,'hungnguyen@vnu.edu.vn','Nguyễn Mạnh Hùng',NULL,NULL),(1022,'kienvu@vnu.edu.vn','Vu',NULL,NULL),(1023,'hiendoan@vnu.edu.vn','Doãn Thị Hiền',NULL,NULL),(1024,'ntthong@vnu.edu.vn','Nguyễn Thạc Thống',NULL,NULL),(1025,'binhdt@vnu.edu.vn','Đặng Trần ',NULL,NULL),(1026,'canhnd@vnu.edu.vn','Nguyễn Đức Cảnh',NULL,NULL),(1027,'tracthinh@vnu.edu.vn','Trác Quang Thịnh',NULL,NULL),(1028,'vanntc@vnu.edu.vn','Nguyễn Thị Cẩm Vân',NULL,NULL),(1029,'pdthai@vnu.edu.vn','Thái Đình Phúc',NULL,NULL),(1030,'ducngx@vnu.edu.vn','Nguyễn Xuân Đức',NULL,NULL),(1031,'trangnm@vnu.edu.vn','Nguyễn Minh Trang',NULL,NULL),(1032,'catcd@vnu.edu.vn','Cấn Duy Cát',4,NULL),(1033,'nhattlm95@vnu.edu.vn','Trần Lê Minh Nhật',NULL,NULL),(1034,'trangptq@vnu.edu.vn','Phạm Thị Quỳnh Trang',4,NULL),(1035,'thanhletrung@vnu.edu.vn','Lê Trung Thành',NULL,NULL),(1036,'huongpv@vnu.edu.vn','Phạm Thị Việt Hương',NULL,NULL),(1037,'huonglt@vnu.edu.vn','Lại Thanh Hương',NULL,NULL),(1038,'diepdh@vnu.edu.vn','Đỗ Huy Điệp',NULL,NULL),(1039,'khanh.n.dang@vnu.edu.vn','Đặng ',NULL,NULL),(1040,'nguyendiemmy@vnu.edu.vn','Nguyễn Thị Diễm My',NULL,NULL),(1041,'phuonghx@vnu.edu.vn','Hoàng Xuân Phương',NULL,NULL),(1042,'vanhd@vnu.edu.vn','Hà Đức Văn',4,NULL),(1043,'thanglq@vnu.edu.vn','Lưu Quang Thắng',4,NULL),(1044,'chucmd@vnu.edu.vn','Mẫn Đức Chức',NULL,NULL),(1045,'anhphan@vnu.edu.vn','Phan Anh',4,NULL),(1046,'hunglv54@vnu.edu.vn','Lưu Việt Hưng',NULL,NULL),(1047,'hapv241@vnu.edu.vn','Phạm Văn Hà',4,NULL),(1048,'lanhuong1491@vnu.edu.vn','Nguyễn',NULL,NULL),(1049,'avitech@vnu.edu.vn','Avitech',NULL,NULL),(1050,'badt@vnu.edu.vn','Đặng Thế Ba',NULL,NULL),(1051,'hoi_le@vnu.edu.vn','Lê Thị Hợi',NULL,NULL),(1052,'dangkh_uet@vnu.edu.vn','Kiều Hải Đăng',NULL,NULL),(1053,'cuongnd@vnu.edu.vn','Nguyễn Đức Cường',NULL,NULL),(1054,'vuta@vnu.edu.vn','Trịnh Anh Vũ',NULL,NULL),(1055,'dungtnguyen@vnu.edu.vn','Nguyễn Thị Dung',NULL,NULL),(1056,'nguyenthanhtung@vnu.edu.vn','Nguyễn Thanh Tùng',NULL,NULL),(1057,'danguyen@vnu.edu.vn','Nguyễn Duy Anh',NULL,NULL),(1058,'hungtn@vnu.edu.vn','Trần Ngọc Hưng',NULL,NULL),(1059,'quanta@vnu.edu.vn','Tran',NULL,NULL),(1060,'nguyettran@vnu.edu.vn','Trần Thị Nguyệt',NULL,NULL),(1061,'sonnn12@vnu.edu.vn','Nguyễn Ngọc Sơn',NULL,NULL),(1062,'bqcuong@vnu.edu.vn','Bùi Quang Cường',4,NULL),(1063,'tranminhtuan@vnu.edu.vn','Trần Minh Tuấn',NULL,NULL),(1064,'duongtd@vnu.edu.vn','Trần Đình Dương',NULL,NULL),(1065,'thuattn@vnu.edu.vn','Trần Như Thuật',NULL,NULL),(1066,'longvt94@vnu.edu.vn','Vương Tùng Long',NULL,NULL),(1067,'cuongnn241@vnu.edu.vn','Nguyễn Như Cường',NULL,NULL),(1068,'nguyenpd@vnu.edu.vn','Pham',NULL,NULL),(1069,'hoanhtam@vnu.edu.vn','Hồ Anh Tâm',NULL,NULL),(1070,'lamnd2005@vnu.edu.vn','Nguyễn Đình Lãm',NULL,NULL),(1071,'minhnt95@vnu.edu.vn','Nguyễn Tiến Minh',NULL,NULL),(1072,'linhmp@vnu.edu.vn','Phạm Mạnh Linh',3,NULL),(1073,'hieutt@vnu.edu.vn','Trần Trọng Hiếu',3,NULL),(1074,'duongtuanmanh@vnu.edu.vn','Manh',NULL,NULL),(1075,'hamle@vnu.edu.vn','Lê Huy Hàm',NULL,NULL),(1076,'fat@vnu.edu.vn','Khoa Công nghệ Nông Nghiệp',NULL,NULL),(1077,'thanhha1610@vnu.edu.vn','Nguyễn Thị Thanh Hà',NULL,NULL),(1078,'tchung@vnu.edu.vn','Trần Cường Hưng',NULL,NULL),(1079,'natuan0502@vnu.edu.vn','Ngô Anh Tuấn',NULL,NULL),(1080,'nguyenminhhai@vnu.edu.vn','Nguyễn Minh Hải',6,NULL),(1081,'nqminh@vnu.edu.vn','Nguyễn Quang Minh',8,NULL),(1082,'thanhminh@vnu.edu.vn','Mai Thanh Minh',8,NULL),(1083,'ndinhtuan15@vnu.edu.vn','Nguyễn Đình Tuân',7,NULL),(1084,'anh.ph@vnu.edu.vn','Phan',NULL,NULL),(1085,'trangttn@vnu.edu.vn','Nguyễn Thị Thu Trang',NULL,NULL),(1086,'anth@vnu.edu.vn','Triệu Hoàng An',NULL,NULL),(1087,'tuananh.ng@vnu.edu.vn','Nguyễn Tuấn Anh',7,NULL),(1088,'sonntuet@vnu.edu.vn','Nguyễn Thành Sơn',NULL,NULL),(1089,'tuannm317@vnu.edu.vn','Nguyễn Minh Tuấn',NULL,NULL),(1090,'kienhd1@vnu.edu.vn','Hoàng Đăng Kiên',NULL,NULL),(1091,'trangngtt@vnu.edu.vn','Nguyễn Thị Thu Trang',NULL,NULL),(1092,'cuonghm@vnu.edu.vn','Hà Minh Cường',NULL,NULL),(1093,'duongdv@vnu.edu.vn','Dương Việt Dũng',3,NULL),(1094,'anh.ld@vnu.edu.vn','Lê Đình Anh',NULL,NULL),(1095,'vuongnvh@vnu.edu.vn','Nguyễn Vũ Hoàng Vương',NULL,NULL),(1096,'thao.pham@vnu.edu.vn','Phạm Ngọc Thảo',NULL,NULL),(1097,'xuanloc97ars@vnu.edu.vn','Phạm Xuân Lộc',NULL,NULL),(1098,'anhmtn@vnu.edu.vn','Mai Thị Ngọc Ánh',NULL,NULL),(1099,'cond@vnu.edu.vn','Nguyễn Đăng Cơ',NULL,NULL),(1100,'trang.nguyen@vnu.edu.vn','Nguyễn Thu Trang',4,NULL),(1101,'doanhnn@vnu.edu.vn','Nguyễn Ngô Doanh',NULL,NULL),(1102,'nguyenngocquynh1997@vnu.edu.vn','Nguyễn Ngọc Quỳnh',NULL,NULL),(1104,'tuyentx@vnu.edu.vn','Trần Xuân Tuyến',NULL,NULL),(1105,'anhnguyenngoc@vnu.edu.vn','Nguyễn Thị Ngọc Ánh',NULL,NULL),(1106,'bangnl@vnu.edu.vn','Nguyễn Lương Bằng',NULL,NULL),(1107,'hangnt97@vnu.edu.vn','Nguyễn Thu Hằng',NULL,NULL),(1108,'vtthao@vnu.edu.vn','Vũ Thị Thao',NULL,NULL),(1109,'trantuanlinh1993@vnu.edu.vn','Trần Tuấn Linh',NULL,NULL),(1110,'vungoclinh@vnu.edu.vn','Vũ Ngọc Linh',NULL,NULL),(1111,'dsktlab@vnu.edu.vn','Phòng Thí nghiệm Công nghệ Tri Thức',NULL,NULL),(1112,'levantuan112@vnu.edu.vn','Lê Văn Tuân',NULL,NULL),(1113,'hunghg@vnu.edu.vn','Hoàng Gia Hưng',NULL,NULL),(1114,'nl.khanh@vnu.edu.vn','Nguyen',NULL,NULL),(1115,'binh.nguyen@vnu.edu.vn','Nguyễn Thanh Bình',NULL,NULL),(1116,'cuong.nxv@vnu.edu.vn','Nguyễn Xuân Việt Cường',NULL,NULL),(1117,'ca.hoanguet@vnu.edu.vn','Đồng ',NULL,NULL),(1118,'dungpt98@vnu.edu.vn','Tuấn Dũng',NULL,NULL),(1119,'hoang.nm@vnu.edu.vn','Ngô Minh Hoàng',NULL,NULL),(1120,'hoannv41@vnu.edu.vn','Nguyễn Văn Hoàn',8,NULL),(1121,'huyennguyen.uet@vnu.edu.vn','Nguyễn Thị Huyền',7,NULL),(1122,'vietphq@vnu.edu.vn','Phạm Hoàng Quốc ',NULL,NULL),(1123,'tuanngokien@vnu.edu.vn','Ngô Kiên Tuấn',8,NULL),(1124,'doanthihoaithu@vnu.edu.vn','Đoàn Thị Hoài Thu',8,NULL),(1125,'linhlpv@vnu.edu.vn','Lê Phạm Văn Linh',NULL,NULL),(1126,'ductranminh@vnu.edu.vn','Trần Minh Đức',7,NULL),(1127,'phinv@vnu.edu.vn','Nguyễn Văn Phi',NULL,NULL),(1128,'bachqt@vnu.edu.vn','Trần Quang Bách',NULL,NULL),(1129,'tiennn@vnu.edu.vn','Nguyễn Ngọc Tiến',NULL,NULL),(1130,'anhhb@vnu.edu.vn','Hoàng Bảo Anh',NULL,NULL),(1131,'minhdinh@vnu.edu.vn','Đinh',NULL,NULL),(1132,'tiennd@vnu.edu.vn','Nguyễn Đức Tiến',NULL,NULL),(1133,'hangtt.uet@vnu.edu.vn','Trần Thanh Hằng',NULL,NULL),(1134,'dat.ngodinh@vnu.edu.vn','Ngô Đình Đạt',NULL,NULL),(1135,'dothithuha247@vnu.edu.vn','Đỗ Thị Thu Hà',NULL,NULL),(1136,'ngocdtn19@vnu.edu.vn','Do',NULL,NULL),(1137,'huyenvu@vnu.edu.vn','Vũ Thị Huyền',NULL,NULL),(1138,'truonggnx@vnu.edu.vn','Ngô Xuân Trường',8,NULL),(1139,'quannh_94@vnu.edu.vn','Nguyễn Hoàng Quân',NULL,NULL),(1141,'canhnt@vnu.edu.vn','Nguyễn Tuấn Cảnh',NULL,NULL),(1150,'phamthanhgiang@ioit.vn','Phạm Thanh Giang',2,24),(1151,'coltech@vnu.edu.vn','Tkdc-dhcn',NULL,NULL),(1152,'nnbinh@vnu.edu.vn','Nguyễn Ngọc Bình',NULL,NULL),(1153,'thuyhq@vnu.edu.vn','Hà Quang Thụy',2,NULL),(1154,'vinhtq@vnu.edu.vn','Trần Quang Vinh',NULL,NULL),(1155,'nguyenthanhthuy@vnu.edu.vn','Nguyễn Thanh Thủy',NULL,NULL),(1156,'nguyenduy.tung@toshiba.co.jp','Nguyễn Duy Tùng',3,25),(1158,'landn0101@gmail.com','Đồng Thị Ngọc Lan',4,26),(1160,'dieutq@hcma.vn','Trần Quang Diệu',3,27),(1162,'dinhhoa@gmail.com','Nguyễn Đình Hóa',3,28),(1164,'minhhoangha.vth@gmail.com','Hà Minh Hoàng',3,29),(1166,'nguyentrinhdong@gmail.com','Nguyễn Trịnh Đông',3,30),(1168,'binhtt75@gmail.com','Trịnh Thanh Bình',3,31),(1170,'phucnh@vimaru.edu.vn','Nguyễn Hạnh Phúc',4,32),(1172,'ncamtu@gmail.com','Nguyễn Cẩm Tú',2,33),(1174,'trungdt@gmail.com','Đặng Thành Trung',3,34),(1176,'khainn10@gmail.com','Nguyễn Ngọc Khải',4,35),(1178,'lehonglam.skv@gmail.com','Lê Hồng Lam',NULL,36),(1180,'vosynam@gmail.com','Võ Sỹ Nam',3,37),(1182,'namnh@vnu.edu.vn','Nguyễn Hà Nam',2,38),(1184,'ptgiang@ioit.ac.vn','Phạm Thanh Giang',2,39),(1186,'hoanganh1606@gmail.com','Nguyễn Thế Hoàng Anh',3,40),(1187,'tienthanh_dhcn@vnu.edu.vn','Vũ Tiến Thành',NULL,NULL),(1188,'lhquynh@vnu.edu.vn','Lê Hoàng Quỳnh',4,NULL),(1189,'dainq@vnu.edu.vn','Nguyễn Quốc Đại',NULL,NULL),(1190,'datnb@vnu.edu.vn','Nguyễn Bá Đạt',NULL,NULL),(1191,'tund@vnu.edu.vn','Nguyễn Đình Tư',NULL,NULL),(1192,'cuongtv@vnu.edu.vn','Tạ Việt Cường',3,NULL),(1193,'vthnhan@vnu.edu.vn','Vũ Thị Hồng Nhạn',3,NULL),(1194,'tiepnh@vnu.edu.vn','Nguyễn Huy Tiệp',NULL,NULL),(1195,'hieubd@vnu.edu.vn','Bùi Duy Hiếu',NULL,NULL),(1196,'haibn@vnu.edu.vn','Bùi Ngọc Hải',NULL,NULL),(1197,'lqkhanh@vnu.edu.vn','Lê Quốc Khánh',NULL,NULL),(1198,'tuvt@vnu.edu.vn','Vũ Thanh Tú',4,NULL),(1199,'thuynguyen@vnu.edu.vn','Nguyen Thi Thuy',NULL,NULL),(1200,'dongdoduc@vnu.edu.vn','Đỗ Đức Đông',3,NULL),(1201,'hovancanh@gmail.com','Hồ Văn Canh',3,41),(1202,'tunghdt@gmail.com','Hoàng Đỗ Thanh Tùng',3,42),(1204,'anhfit@gmail.com','Lê Hồng Anh',3,44),(1205,'chung.daothanh@hust.edu.vn','Đào Thành Chung',3,45),(1206,'dungpt98@gmail.com','Phạm Tuấn Dũng',7,46),(1208,'ltnhan1982@gmail.com','Lương Thanh Nhạn',4,48),(1209,'mmtrung@uneti.edu.vn','Mai Mạnh Trừng',4,49),(1210,'tvmanhqn@gmail.com','Trần Văn Mạnh',4,50),(1211,'thanhnc80@gmail.com','Nguyễn Chí Thành',3,51),(1212,'binhlt@vnu.edu.vn','Lê Trần Bình',NULL,NULL),(1213,'chipv@vnu.edu.vn','Phan Văn Chi',NULL,NULL),(1214,'hach@vnu.edu.vn','Chu Hoàng Hà',NULL,NULL),(1215,'hainv53@vnu.edu.vn','Nông Văn Hải',NULL,NULL),(1216,'haitn@vnu.edu.vn','Trương Nam Hải',NULL,NULL),(1217,'hienltt@vnu.edu.vn','Lê Thị Thu Hiền',NULL,NULL),(1218,'hoalt@vnu.edu.vn','Lê Thanh Hoà',NULL,NULL),(1219,'nhinb@vnu.edu.vn','Nguyễn Bích Nhi',NULL,NULL),(1220,'thiqd@vnu.edu.vn','Quyền Đình Thi',NULL,NULL),(1221,'daotaoqt@vnu.edu.vn','VP liên kết đào tạo quốc tế',NULL,NULL),(1222,'lkdt@vnu.edu.vn','Liên kết ĐT QT',NULL,NULL),(1223,'thinhdh@vnu.edu.vn','Đặng Hữu Thịnh',NULL,NULL),(1224,'giamsat@vnu.edu.vn','Giám sát mạng',NULL,NULL),(1225,'kiendh@vnu.edu.vn','Đỗ Hoàng Kiên',4,NULL),(1226,'linhht@vnu.edu.vn','Hoàng Tố Linh',NULL,NULL),(1227,'mlc@vnu.edu.vn','Quản trị maillist',NULL,NULL),(1228,'qa@vnu.edu.vn','Hệ thống hỏi đáp',NULL,NULL),(1229,'quydm@vnu.edu.vn','Đặng Minh Quý',NULL,NULL),(1230,'visitor-aaaa@vnu.edu.vn','visitor - ádfghjkl(Pass: uet@#ccne) Đề nghị không đổi mật khẩu quá dễ cho tài khoản này ',NULL,NULL),(1231,'hoangha@vnu.edu.vn','Nguyễn Hoàng Hà - BM HTTVT - Dùng tạm',NULL,NULL),(1232,'contactselab@vnu.edu.vn','TT Nghiên cứu phát triển CNPM',NULL,NULL),(1233,'duongbg@vnu.edu.vn','Bạch Gia Dương',NULL,NULL),(1234,'kiemhung@vnu.edu.vn','Nguyễn Kiêm Hùng',NULL,NULL),(1235,'nhungttt@vnu.edu.vn','Trần Thị Tuyết Nhung',NULL,NULL),(1236,'quyentc@vnu.edu.vn','Trần Cao Quyền',NULL,NULL),(1237,'tuananh@vnu.edu.vn','Vũ Tuấn Anh',NULL,NULL),(1238,'dungpc@vnu.edu.vn','Phùng Chí Dũng',NULL,NULL),(1239,'hieunv@vnu.edu.vn','Nguyễn Văn Hiệu',NULL,NULL),(1240,'hanhth@vnu.edu.vn','Tạ Hồng Hạnh',NULL,NULL),(1241,'mrtest@vnu.edu.vn','mr.test',NULL,NULL),(1242,'cait2010@vnu.edu.vn','Nguyễn Hữu Tú',NULL,NULL),(1243,'huyendtm@vnu.edu.vn','Đinh Thị Minh ',NULL,NULL),(1244,'ltha@vnu.edu.vn','Lê Thanh Hà',2,NULL),(1245,'ccneweb@vnu.edu.vn','CNNE Web administrator',NULL,NULL),(1246,'ccne@vnu.edu.vn','TTMT',NULL,NULL),(1247,'nonghoa@vnu.edu.vn','Nong Thi Hoa',NULL,NULL),(1248,'hainn@vnu.edu.vn','Nguyễn Nam Hải',NULL,NULL),(1249,'atc2016@vnu.edu.vn','ATC',NULL,NULL),(1250,'duclm@vnu.edu.vn','Lê Minh Đức',8,NULL),(1251,'dungkt@vnu.edu.vn','Khương Tuấn Dũng',NULL,NULL),(1252,'doandaihoccongnghe@vnu.edu.vn','Đoàn trường ĐH Công nghệ',NULL,NULL),(1253,'duyvb@vnu.edu.vn','Vũ Bá Duy',4,NULL),(1254,'hoaptm@vnu.edu.vn','Phạm Thị Minh Hoà',NULL,NULL),(1255,'huyle@vnu.edu.vn','Lê Huy',NULL,NULL),(1256,'thaontt@vnu.edu.vn','Nguyễn Thị Thu Thảo',NULL,NULL),(1257,'thoaltp@vnu.edu.vn','Lê Thị Phương Thoa',NULL,NULL),(1258,'vinhnq@vnu.edu.vn','Nguyễn Quang Vinh',NULL,NULL),(1259,'camle@vnu.edu.vn','Trần Thị Cẩm Lệ',NULL,NULL),(1260,'havb@vnu.edu.vn','Vũ Thị Bích Hà',NULL,NULL),(1261,'maitt@vnu.edu.vn','Tạ Thanh Mai',NULL,NULL),(1262,'thehien@vnu.edu.vn','Nguyễn Thế Hiện',NULL,NULL),(1263,'thieudd@vnu.edu.vn','Dương Đình Thiệu',NULL,NULL),(1264,'thucvn@vnu.edu.vn','Vũ Nguyên Thức',NULL,NULL),(1265,'binhbt@vnu.edu.vn','Bùi Thanh Bình',NULL,NULL),(1266,'cuongnv@vnu.edu.vn','Nguyễn Văn Cương',NULL,NULL),(1267,'dungnm@vnu.edu.vn','Nguyễn Mạnh Dũng',NULL,NULL),(1268,'dungtt@vnu.edu.vn','Trần Tiến Dũng',NULL,NULL),(1269,'hoaiptt@vnu.edu.vn','Phạm Thị Thu Hoài',NULL,NULL),(1270,'hoannd@vnu.edu.vn','Nguyễn Doãn Hoàn',NULL,NULL),(1271,'hungpd@vnu.edu.vn','Phạm Duy Hưng',NULL,NULL),(1272,'hungpm@vnu.edu.vn','Phạm Mạnh Hùng',NULL,NULL),(1273,'thanhnx@vnu.edu.vn','Nguyễn Xuân Thành',NULL,NULL),(1274,'tunglt@vnu.edu.vn','Lê Thanh Tùng',NULL,NULL),(1275,'venn@vnu.edu.vn','Nguyễn Ngọc Vệ',NULL,NULL),(1276,'huongbtt@vnu.edu.vn','Bùi Thị Thu Hương',NULL,NULL),(1277,'lampt@vnu.edu.vn','Phạm Thi Lam',NULL,NULL),(1278,'lettc@vnu.edu.vn','Trần Thị Cẩm Lệ',NULL,NULL),(1279,'minhct@vnu.edu.vn','Chu Thị Minh',NULL,NULL),(1280,'trinm@vnu.edu.vn','Nguyễn Minh Trí',NULL,NULL),(1281,'vietnd@vnu.edu.vn','Nguyễn Đình Việt',2,NULL),(1282,'xoannt@vnu.edu.vn','Nguyễn Thị Xoan',NULL,NULL),(1283,'canhnh@vnu.edu.vn','Nguyễn Huy Cảnh',NULL,NULL),(1284,'dangthanh@vnu.edu.vn','Đặng Thị Thanh',NULL,NULL),(1285,'hattt@vnu.edu.vn','Trần Thị Thu Hà',NULL,NULL),(1286,'quynhnt@vnu.edu.vn','Nguyễn Thị Quỳnh',NULL,NULL),(1287,'thanhntk@vnu.edu.vn','Nguyễn Thị Kim Thanh',NULL,NULL),(1288,'ntvinh@vnu.edu.vn','Nguyễn Thị Vinh',NULL,NULL),(1289,'hanhnt@vnu.edu.vn','Nguyễn Thị Hạnh',NULL,NULL),(1290,'thanhvtp@vnu.edu.vn','Vũ Thị Phương Thanh',NULL,NULL),(1291,'khcn-htqt@vnu.edu.vn','Phòng KHCN-HTQT',NULL,NULL),(1292,'tuyensinhdhcn@vnu.edu.vn','ĐH Công nghệ - Tuyển sinh',NULL,NULL),(1293,'tralt@vnu.edu.vn','Lê Thanh Trà',NULL,NULL),(1294,'giangbtt@vnu.edu.vn','Bùi Thị Thu Giang',NULL,NULL),(1295,'daotao_dhcn@vnu.edu.vn','Phòng Đào tạo - ĐH Công nghệ',NULL,NULL),(1296,'tuyensinhsdh.dhcn@vnu.edu.vn','Tuyển sinh sau đại học - ĐH Công nghệ',NULL,NULL),(1297,'thuvienhsv@vnu.edu.vn','Thư viện hội sinh viên - ĐH Công nghệ',NULL,NULL),(1298,'thuthao@vnu.edu.vn','Lê Thị Thu Thảo',NULL,NULL),(1299,'nhungdo@vnu.edu.vn','Đỗ',NULL,NULL),(1300,'huyenle@vnu.edu.vn','Le',NULL,NULL),(1301,'tranquynhphuong9805@vnu.edu.vn','Trần Thị Quỳnh Phương',NULL,NULL),(1302,'thoank@vnu.edu.vn','Nguyễn Kim Thoa',NULL,NULL),(1303,'anhmp@vnu.edu.vn','Mạnh Phương Anh',NULL,NULL),(1304,'daotaosdh_dhcn@vnu.edu.vn','Phòng đào tạo - Trường ĐH Công nghệ',NULL,NULL),(1305,'tuyetnga@vnu.edu.vn','Trần Thị Tuyết Nga',NULL,NULL),(1306,'vcong.pham@vnu.edu.vn','Phạm Văn Công',NULL,NULL),(1307,'ctsv_dhcn@vnu.edu.vn','Phòng Công tác sinh viên',NULL,NULL),(1308,'dungva@vnu.edu.vn','Vũ Anh',NULL,NULL),(1309,'ngocnt@vnu.edu.vn','Nguyễn Thị Ngọc',NULL,NULL),(1310,'dungnn09@vnu.edu.vn','Nguyen Ngoc Dung',NULL,NULL),(1311,'dbcl-uet@vnu.edu.vn','Trung tam Dam bao chat luong-dhcn',NULL,NULL),(1312,'hongnt1991@vnu.edu.vn','Nguyễn Thị Hồng',NULL,NULL),(1313,'ctkhuyen@vnu.edu.vn','Chu ',NULL,NULL),(1314,'hangtt@vnu.edu.vn','Trần Thúy Hằng',NULL,NULL),(1315,'tuanta91@vnu.edu.vn','Trần Anh Tuấn',NULL,NULL),(1316,'chuongtrinhCLC_DHCN@vnu.edu.vn','Chương trình Chất lượng cao',NULL,NULL),(1317,'vpdu_dhcn@vnu.edu.vn','Văn phòng Đảng Ủy',NULL,NULL),(1318,'vpcd_dhcn@vnu.edu.vn','Văn phòng Công đoàn',NULL,NULL),(1319,'huyhieu@vnu.edu.vn','Nguyễn Huy Hiệu',NULL,NULL),(1320,'thachln@vnu.edu.vn','Lê Ngọc Thạch',NULL,NULL),(1321,'giangnguyen@vnu.edu.vn','Nguyễn Quỳnh Giang',NULL,NULL),(1322,'dungb@vnu.edu.vn','Trần Vũ Bảo Dung',NULL,NULL),(1323,'ttpc.dhcn@vnu.edu.vn','Thanh tra Pháp chế',NULL,NULL),(1324,'btha@vnu.edu.vn','Bùi Thị Hà',NULL,NULL),(1325,'hangnt22@vnu.edu.vn','Nguyễn Thị Hằng',NULL,NULL),(1326,'lynk@vnu.edu.vn','Nguyễn Khánh Ly',NULL,NULL),(1327,'thanhdpt@vnu.edu.vn','Đỗ Thị Phương Thanh',NULL,NULL),(1328,'duongtl@vnu.edu.vn','Lê Thùy Dương',NULL,NULL),(1329,'tccb_dhcn@vnu.edu.vn','Phòng Tổ chức cán bộ - Đại học Công nghệ',NULL,NULL),(1330,'lamtungnguyen@vnu.edu.vn','Nguyễn Ngọc Lâm Tùng',NULL,NULL),(1331,'phuongthao7196@vnu.edu.vn','Lê Thị Phương Thảo',NULL,NULL),(1332,'linhdv@vnu.edu.vn','Vũ Diệu Linh',NULL,NULL),(1333,'nthue153@vnu.edu.vn','Nguyễn Thị Huế',NULL,NULL),(1334,'mynh@vnu.edu.vn','Nguyễn Hà My',NULL,NULL),(1335,'hoangpd@vnu.edu.vn','Phạm Đăng Hoàng',NULL,NULL),(1336,'khtc_dhcn@vnu.edu.vn','Phòng Kế hoạch-Tài chính',NULL,NULL),(1337,'duynk@vnu.edu.vn','Nguyễn Khánh ',NULL,NULL),(1338,'doit@vnu.edu.vn','doit',NULL,NULL),(1339,'minhhoang.ha@vnu.edu.vn','Hà Minh Hoàng',3,NULL),(1340,'longndb@vnu.edu.vn','Nguyễn Đăng Bảo Long',NULL,NULL),(1341,'thuonglc@vnu.edu.vn','Lê Công Thương',NULL,NULL);
/*!40000 ALTER TABLE `advisor` ENABLE KEYS */;
UNLOCK TABLES;

--
-- Table structure for table `attachment`
--

DROP TABLE IF EXISTS `attachment`;
/*!40101 SET @saved_cs_client     = @@character_set_client */;
/*!40101 SET character_set_client = utf8 */;
CREATE TABLE `attachment` (
  `idAttachment` int(11) NOT NULL AUTO_INCREMENT,
  `title` varchar(255) DEFAULT NULL,
  `uuid` varchar(50) DEFAULT NULL,
  `idProject` int(11) DEFAULT NULL,
  `idOwner` int(11) DEFAULT NULL,
  `uploadDate` datetime DEFAULT NULL,
  PRIMARY KEY (`idAttachment`),
  KEY `idProject` (`idProject`),
  KEY `idOwner` (`idOwner`),
  CONSTRAINT `attachment_ibfk_1` FOREIGN KEY (`idProject`) REFERENCES `project` (`idProject`),
  CONSTRAINT `attachment_ibfk_2` FOREIGN KEY (`idOwner`) REFERENCES `student` (`idStudent`)
) ENGINE=InnoDB DEFAULT CHARSET=utf8;
/*!40101 SET character_set_client = @saved_cs_client */;

--
-- Dumping data for table `attachment`
--

LOCK TABLES `attachment` WRITE;
/*!40000 ALTER TABLE `attachment` DISABLE KEYS */;
/*!40000 ALTER TABLE `attachment` ENABLE KEYS */;
UNLOCK TABLES;

--
-- Table structure for table `config`
--

DROP TABLE IF EXISTS `config`;
/*!40101 SET @saved_cs_client     = @@character_set_client */;
/*!40101 SET character_set_client = utf8 */;
CREATE TABLE `config` (
  `idConfig` int(11) NOT NULL AUTO_INCREMENT,
  `key` varchar(50) DEFAULT NULL,
  `value` varchar(50) DEFAULT NULL,
  PRIMARY KEY (`idConfig`)
) ENGINE=InnoDB AUTO_INCREMENT=4 DEFAULT CHARSET=utf8;
/*!40101 SET character_set_client = @saved_cs_client */;

--
-- Dumping data for table `config`
--

LOCK TABLES `config` WRITE;
/*!40000 ALTER TABLE `config` DISABLE KEYS */;
INSERT INTO `config` VALUES (3,'Allow edit project','allow');
/*!40000 ALTER TABLE `config` ENABLE KEYS */;
UNLOCK TABLES;

--
-- Table structure for table `guestadvisor`
--

DROP TABLE IF EXISTS `guestadvisor`;
/*!40101 SET @saved_cs_client     = @@character_set_client */;
/*!40101 SET character_set_client = utf8 */;
CREATE TABLE `guestadvisor` (
  `idGuestadvisor` int(11) NOT NULL AUTO_INCREMENT,
  `email` varchar(100) DEFAULT NULL,
  `fullname` varchar(200) DEFAULT NULL,
  `affiliation` varchar(255) DEFAULT NULL,
  `password` varchar(100) DEFAULT NULL,
  PRIMARY KEY (`idGuestadvisor`)
) ENGINE=InnoDB AUTO_INCREMENT=52 DEFAULT CHARSET=utf8;
/*!40101 SET character_set_client = @saved_cs_client */;

--
-- Dumping data for table `guestadvisor`
--

LOCK TABLES `guestadvisor` WRITE;
/*!40000 ALTER TABLE `guestadvisor` DISABLE KEYS */;
INSERT INTO `guestadvisor` VALUES (1,'hoand@ptit.vnpt.vn','Nguyễn Đình Hoá',NULL,'d2488f4971f3095122dc511245424e640d5ab9e431d455972ad54cfdc7c08dcb'),(13,'guest1@ptit.vnpt.vn','Guest 11','PTIT','d2488f4971f3095122dc511245424e640d5ab9e431d455972ad54cfdc7c08dcb'),(14,'','','','fb394fd32fb8c977ee448f48a7eecd088075f5a30532feea07a06ce783669658'),(15,'','','','fb394fd32fb8c977ee448f48a7eecd088075f5a30532feea07a06ce783669658'),(16,'','','','fb394fd32fb8c977ee448f48a7eecd088075f5a30532feea07a06ce783669658'),(17,'','','','fb394fd32fb8c977ee448f48a7eecd088075f5a30532feea07a06ce783669658'),(18,'','','','fb394fd32fb8c977ee448f48a7eecd088075f5a30532feea07a06ce783669658'),(19,'','','','fb394fd32fb8c977ee448f48a7eecd088075f5a30532feea07a06ce783669658'),(21,'','','','fb394fd32fb8c977ee448f48a7eecd088075f5a30532feea07a06ce783669658'),(22,'','','','fb394fd32fb8c977ee448f48a7eecd088075f5a30532feea07a06ce783669658'),(23,'','','','fb394fd32fb8c977ee448f48a7eecd088075f5a30532feea07a06ce783669658'),(24,'phamthanhgiang@ioit.vn','Phạm Thanh Giang','Viện hàn lâm Khoa học Việt Nam','72b8d9df1fc6f66e782d32fd883c970376eb80b61a69aa668cae77309c4538a7'),(25,'nguyenduy.tung@toshiba.co.jp','Nguyễn Duy Tùng','Công ty Toshiba','d2488f4971f3095122dc511245424e640d5ab9e431d455972ad54cfdc7c08dcb'),(26,'landn0101@gmail.com','Đồng Thị Ngọc Lan','Học viện tài chính','d2488f4971f3095122dc511245424e640d5ab9e431d455972ad54cfdc7c08dcb'),(27,'dieutq@hcma.vn','Trần Quang Diệu','HV Chính trị Quốc gia HCM','d2488f4971f3095122dc511245424e640d5ab9e431d455972ad54cfdc7c08dcb'),(28,'dinhhoa@gmail.com','Nguyễn Đình Hóa','HV Công nghệ bưu chính viễn thông','d2488f4971f3095122dc511245424e640d5ab9e431d455972ad54cfdc7c08dcb'),(29,'minhhoangha.vth@gmail.com','Hà Minh Hoàng','Trường Đại học Phenikaa','d2488f4971f3095122dc511245424e640d5ab9e431d455972ad54cfdc7c08dcb'),(30,'nguyentrinhdong@gmail.com','Nguyễn Trịnh Đông','Trường ĐH Hải Phòng','d2488f4971f3095122dc511245424e640d5ab9e431d455972ad54cfdc7c08dcb'),(31,'binhtt75@gmail.com','Trịnh Thanh Bình','Trường ĐH Hải Phòng','d2488f4971f3095122dc511245424e640d5ab9e431d455972ad54cfdc7c08dcb'),(32,'phucnh@vimaru.edu.vn','Nguyễn Hạnh Phúc','Trường ĐH Hàng Hải VN','d2488f4971f3095122dc511245424e640d5ab9e431d455972ad54cfdc7c08dcb'),(33,'ncamtu@gmail.com','Nguyễn Cẩm Tú','Trường ĐH Nam Kinh, Trung Quốc','d2488f4971f3095122dc511245424e640d5ab9e431d455972ad54cfdc7c08dcb'),(34,'trungdt@gmail.com','Đặng Thành Trung','Trường ĐH Sư phạm HN','d2488f4971f3095122dc511245424e640d5ab9e431d455972ad54cfdc7c08dcb'),(35,'khainn10@gmail.com','Nguyễn Ngọc Khải','Trường ĐH Tài nguyên và Môi trường HN','d2488f4971f3095122dc511245424e640d5ab9e431d455972ad54cfdc7c08dcb'),(36,'lehonglam.skv@gmail.com','Lê Hồng Lam','Trường ĐHSP Kỹ thuật Vinh','d2488f4971f3095122dc511245424e640d5ab9e431d455972ad54cfdc7c08dcb'),(37,'vosynam@gmail.com','Võ Sỹ Nam','Viện Bigdata, Vingroup','d2488f4971f3095122dc511245424e640d5ab9e431d455972ad54cfdc7c08dcb'),(38,'namnh@vnu.edu.vn','Nguyễn Hà Nam','Viện CNTT, ĐHQGHN','d2488f4971f3095122dc511245424e640d5ab9e431d455972ad54cfdc7c08dcb'),(39,'ptgiang@ioit.ac.vn','Phạm Thanh Giang','Viện Hàn lâm KH&CN VN','d2488f4971f3095122dc511245424e640d5ab9e431d455972ad54cfdc7c08dcb'),(40,'hoanganh1606@gmail.com','Nguyễn Thế Hoàng Anh','Bộ KH&CN Việt Nam','d2488f4971f3095122dc511245424e640d5ab9e431d455972ad54cfdc7c08dcb'),(41,'hovancanh@gmail.com','Hồ Văn Canh','Bộ Công An','d2488f4971f3095122dc511245424e640d5ab9e431d455972ad54cfdc7c08dcb'),(42,'tunghdt@gmail.com','Hoàng Đỗ Thanh Tùng','Viện Hàn lâm KH&CN VN','d2488f4971f3095122dc511245424e640d5ab9e431d455972ad54cfdc7c08dcb'),(43,'tunghdt@gmail.com','Hoàng Đỗ Thanh Tùng','Viện Hàn lâm KH&CN VN','d2488f4971f3095122dc511245424e640d5ab9e431d455972ad54cfdc7c08dcb'),(44,'anhfit@gmail.com','Lê Hồng Anh','Trường ĐH Mỏ Địa Chất','d2488f4971f3095122dc511245424e640d5ab9e431d455972ad54cfdc7c08dcb'),(45,'chung.daothanh@hust.edu.vn','Đào Thành Chung','Trường ĐH Bách Khoa Hà Nội','d2488f4971f3095122dc511245424e640d5ab9e431d455972ad54cfdc7c08dcb'),(46,'dungpt98@gmail.com','Phạm Tuấn Dũng','Trường ĐH Công nghệ','d2488f4971f3095122dc511245424e640d5ab9e431d455972ad54cfdc7c08dcb'),(47,'phucnh@vimaru.edu.vn','Nguyễn Thanh Phúc','Trường ĐH Hàng Hải Việt Nam','d2488f4971f3095122dc511245424e640d5ab9e431d455972ad54cfdc7c08dcb'),(48,'ltnhan1982@gmail.com','Lương Thanh Nhạn','Trường ĐH Y Hải Phòng','d2488f4971f3095122dc511245424e640d5ab9e431d455972ad54cfdc7c08dcb'),(49,'mmtrung@uneti.edu.vn','Mai Mạnh Trừng','Trường ĐH kỹ thuật Công nghiệp Hà Nội','d2488f4971f3095122dc511245424e640d5ab9e431d455972ad54cfdc7c08dcb'),(50,'tvmanhqn@gmail.com','Trần Văn Mạnh','Công ty VNPT - Media Software','d2488f4971f3095122dc511245424e640d5ab9e431d455972ad54cfdc7c08dcb'),(51,'thanhnc80@gmail.com','Nguyễn Chí Thành','Học Viện KTQS','d2488f4971f3095122dc511245424e640d5ab9e431d455972ad54cfdc7c08dcb');
/*!40000 ALTER TABLE `guestadvisor` ENABLE KEYS */;
UNLOCK TABLES;

--
-- Table structure for table `klass`
--

DROP TABLE IF EXISTS `klass`;
/*!40101 SET @saved_cs_client     = @@character_set_client */;
/*!40101 SET character_set_client = utf8 */;
CREATE TABLE `klass` (
  `idKlass` int(11) NOT NULL AUTO_INCREMENT,
  `className` varchar(100) DEFAULT NULL,
  `category` varchar(50) DEFAULT NULL,
  PRIMARY KEY (`idKlass`)
) ENGINE=InnoDB AUTO_INCREMENT=28 DEFAULT CHARSET=utf8;
/*!40101 SET character_set_client = @saved_cs_client */;

--
-- Dumping data for table `klass`
--

LOCK TABLES `klass` WRITE;
/*!40000 ALTER TABLE `klass` DISABLE KEYS */;
INSERT INTO `klass` VALUES (2,'K62CA - CLC1',NULL),(3,'K62CA - CLC2',NULL),(4,'K62CA - CLC3',NULL),(5,'K61CA - CLC1',NULL),(6,'K61CA - CLC2',NULL),(7,'K62C - CLC',NULL),(8,'K61C - CLC',NULL),(9,'K62CAC',NULL),(10,'K62CB',NULL),(11,'K62CC',NULL),(12,'K62CD',NULL),(13,'K62CE',NULL),(14,'K62CF',NULL),(15,'K62CG',NULL),(16,'K62CH',NULL),(17,'K62CK',NULL),(18,'K62CL',NULL),(19,'K61CC',NULL),(20,'K62T',NULL),(21,'K62J',NULL),(22,'K61N',NULL),(23,'K60CD',NULL),(24,'K61T',NULL),(25,'K60T',NULL),(26,'K60N','');
/*!40000 ALTER TABLE `klass` ENABLE KEYS */;
UNLOCK TABLES;

--
-- Table structure for table `project`
--

DROP TABLE IF EXISTS `project`;
/*!40101 SET @saved_cs_client     = @@character_set_client */;
/*!40101 SET character_set_client = utf8 */;
CREATE TABLE `project` (
  `idProject` int(11) NOT NULL AUTO_INCREMENT,
  `title` text,
  `idProjecttype` int(11) DEFAULT NULL,
  `idSemester` int(11) DEFAULT NULL,
  `status` varchar(20) DEFAULT NULL,
  `grade` float DEFAULT NULL,
  PRIMARY KEY (`idProject`),
  KEY `idProjecttype` (`idProjecttype`),
  KEY `idSemester` (`idSemester`),
  CONSTRAINT `project_ibfk_1` FOREIGN KEY (`idProjecttype`) REFERENCES `projecttype` (`idProjecttype`),
  CONSTRAINT `project_ibfk_2` FOREIGN KEY (`idSemester`) REFERENCES `semester` (`idSemester`)
) ENGINE=InnoDB AUTO_INCREMENT=425 DEFAULT CHARSET=utf8;
/*!40101 SET character_set_client = @saved_cs_client */;

--
-- Dumping data for table `project`
--

LOCK TABLES `project` WRITE;
/*!40000 ALTER TABLE `project` DISABLE KEYS */;
INSERT INTO `project` VALUES (1,'New neighborhoods for vehicle routing problem',1,1,'on-going',NULL),(2,'Keyphrase extraction',1,1,'on-going',NULL),(3,'Khai phá hành vi hoạt động của con người cho dịch vụ đi chung xe',1,1,'on-going',NULL),(4,'Information extraction from CV',1,1,'on-going',NULL),(5,'Robust segmentation with active learning',1,1,'on-going',NULL),(6,'Nghiên cứu, xây dựng mô hình dự đoán điểm đánh giá trên trang thương mại điện tử Tiki.vn',1,1,'on-going',NULL),(7,'Truy xuất nguồn gốc thực phẩm - phần giao diện người dùng',1,1,'on-going',NULL),(8,'Xây dựng hệ thống hỗ trợ giám tuyển dữ liệu tiếng Việt sử dụng các kỹ thuật học máy tiên tiến',1,1,'on-going',NULL),(9,'Xây dựng mô hình phân tích hành vị khách hàng phục vụ bài toán cho vay tín chấp',1,1,'on-going',NULL),(10,'Phát triển hệ thống tính điểm bằng lái xe và xử phạt nguội vi phạm luật giao thông đường bộ trên nền tảng blockchain',1,1,'on-going',NULL),(11,'Nghiên cứu giải quyết một số bài toán tối ưu hoạt động cảng biển',1,1,'on-going',NULL),(12,'Tìm hiểu Apache Kudu và ứng dụng để xây dựng công cụ lưu trữ hành vi người dùng ',1,1,'on-going',NULL),(13,'Triển lãm ảo: Văn hóa Việt Nam qua trang phục truyền thống.',1,1,'on-going',NULL),(14,'Xây dựng công cụ hỗ trợ phương pháp kiểm thử động cho dự án Typescript',1,1,'on-going',NULL),(15,'Reading care label on garments using deep learning',1,1,'on-going',NULL),(16,'Xây dựng công cụ kiểm thử cho ứng dụng dựa trên React',1,1,'on-going',NULL),(17,'Xây dựng hệ thống hỗ trợ chẩn đoán bệnh',1,1,'on-going',NULL),(18,'Xây dựng trang web mô tả thuật toán',1,1,'on-going',NULL),(19,'Truy xuất nguồn gốc thực phẩm - phần máy chủ',1,1,'on-going',NULL),(20,'Nghiên cứu mô hình tác tử cho dịch vụ đi chung xe',1,1,'on-going',NULL),(21,'Design Data warehouse for data mining in Food & Beverage',1,1,'on-going',NULL),(22,'Hệ thống giám sát trạm biến áp từ trung tâm',1,1,'on-going',NULL),(23,'Music Generation',1,1,'on-going',NULL),(24,'So sánh các công cụ hỗ trợ kiểm thử tải cho ứng dụng Web',1,1,'on-going',NULL),(25,'Khai phá thói quen hàng ngày cho dịch vụ đi chung xe ',1,1,'on-going',NULL),(26,'Xây dựng sàn giao dịch nông sản',1,1,'on-going',NULL),(27,'Xây dựng và phát triển game trên nền tảng Godot',1,1,'on-going',NULL),(28,'Xây dựng hệ thống hỗ trợ tương tác của Khách hàng với các Nhà hàng',1,1,'on-going',NULL),(29,'Nhận diện ngôn ngữ sử dụng Deep Learning',1,1,'on-going',NULL),(30,'Hệ thống lọc, đánh giá và đề xuất thành tích theo bộ tiêu chí',1,1,'on-going',NULL),(31,'Hệ thống chuyển đổi đa định dạng ảnh y tế',1,1,'on-going',NULL),(32,'Hệ thống lưu trữ ảnh y tế đa nền tảng',1,1,'on-going',NULL),(33,'Hệ thống xác thực người dùng và dữ liệu ảnh y tế',1,1,'on-going',NULL),(34,'Xác định hành vi bạo lực học đường từ camera giám sát',1,1,'on-going',NULL),(35,'Xây dựng Hệ thống quản lý ca làm việc',1,1,'on-going',NULL),(36,'Nông sản Việt - ứng dụng mua bán sản phẩm nông nghiệp online',1,1,'on-going',NULL),(37,'Xây dựng hệ thống front-end quản lý sản phẩm khoa học trong trường đại học',1,1,'on-going',NULL),(38,'Dicom server',1,1,'on-going',NULL),(39,'Hệ thống xử lý ảnh trong y tế',1,1,'on-going',NULL),(40,'Phát triển Proxy as a Service trên hệ thống Openstack private cloud',1,1,'on-going',NULL),(41,'Nghiên cứu và xây dựng hệ chữ ký số trên hệ mật mã CKKS',1,1,'on-going',NULL),(42,'Áp dụng ngôn ngữ DSL trong việc ra bài tập thực hành cho hệ thống OASIS',1,1,'on-going',NULL),(43,'Xây dựng công cụ trích xuất cấu trúc văn bản tiếng Việt',1,1,'on-going',NULL),(44,'Công cụ tìm kiếm cho các văn bản và dữ liệu học thuật',1,1,'on-going',NULL),(45,'Hệ thống tìm kiếm việc làm từ các tài nguyên có sẵn.',1,1,'on-going',NULL),(46,'Nghiên cứu phương pháp đường đi đơn giản nhất cho dịch vụ đi chung xe ',1,1,'on-going',NULL),(47,'Nghiên cứu quá trình mã hóa và xử lí dữ liệu y tế trên điện toán đám mây',1,1,'on-going',NULL),(48,'Xây dựng cổng thông tin quản lý hồ sơ cán bộ và giải quyết thủ tục hành chính',1,1,'on-going',NULL),(49,'Hệ thống quản lý đơn hàng, nâng cao hiệu suất cho cửa hàng trực tuyến',1,1,'on-going',NULL),(50,'Xây dựng hệ thống ERP quản lý cây xanh',1,1,'on-going',NULL),(51,'Deeplearning approach for object detetection in scanned documents',1,1,'on-going',NULL),(52,'Nghiên cứu hệ mật ECIES và ứng dụng',1,1,'on-going',NULL),(53,'A generative adversarial network for crop/weed segmentation in precision farming',1,1,'on-going',NULL),(54,'Nghiên cứu phát triển hệ thống quản lý giấy tờ trên nền tảng chuỗi khối tezos',1,1,'on-going',NULL),(55,'Text/Graphics separation for document images using deep learning',1,1,'on-going',NULL),(56,'A deep learning approach for recognizing table structure in document images',1,1,'on-going',NULL),(57,'Detecting and Identifying Faulty IoT Devices in Smart Home Base On Frequent Itemset',1,1,'on-going',NULL),(58,'Nghiên cứu thực trạng quy trình phát triển phần mềm và đề xuất áp dụng chuẩn chất lượng quốc tế tại Trung tâm Không gian mạng Viettel',1,1,'on-going',NULL),(59,'The rescheduling school bus routing problem with aconstraint on the number of students with negative impact',1,1,'on-going',NULL),(60,'An Agent-based Centralized Configuration System for Network Accessibility and Quality of Service with OpenWRT Wireless Access Points',1,1,'on-going',NULL),(61,'The quadratic traveling salesman problem',1,1,'on-going',NULL),(62,'Khử nhiễu EMG trong tín hiệu điện não.',1,1,'on-going',NULL),(63,'Nghiên cứu và xây dựng mô hình ước tính nồng độ bụi PM2.5 độ phân giải cao trên khu vực Hà Nội',1,1,'on-going',NULL),(64,'Đề án nâng cấp, số hóa quản lý thông tin chuỗi hệ thống tiêu thụ và logistic tại VICEM',1,1,'on-going',NULL),(65,'Passport information extraction, storage and identification system',1,1,'on-going',NULL),(66,'Phát triển ứng dụng di động hỗ trợ kinh doanh xăng dầu',1,1,'on-going',NULL),(67,'Tracking human as points',1,1,'on-going',NULL),(68,'Sử dụng dữ liệu tương tác từ mạng xã hội để tùy chỉnh quảng cáo và hiển thị sản phẩm cho trang web kinh doanh đồ điện tử',1,1,'on-going',NULL),(69,'Tìm hiểu khung ứng dụng Django và xây dựng hệ thống đánh giá các trường đại học',1,1,'on-going',NULL),(70,'Phát triển ứng dụng giả lập hệ thống máng ăn chính xác',1,1,'on-going',NULL),(71,'Research and develop ground control system for unmanned aircraft vehicles',1,1,'on-going',NULL),(72,'Chuẩn hoá tiếng Việt trong văn bản mạng xã hội',1,1,'on-going',NULL),(73,'Nghiên cứu chuyển động: Ứng dụng tự động tạo chuyển động cho nhân vật rối nước',1,1,'on-going',NULL),(74,'Kỹ thuật thủy vân số và ứng dụng',1,1,'on-going',NULL),(75,'Hiệu ứng ánh sáng trong biểu diễn rối nước',1,1,'on-going',NULL),(76,'Nghiên cứu sơ đồ chữ ký trên đường cong Elliptic và ứng dụng',1,1,'on-going',NULL),(77,'Chuyển động của nhân vật 3D',1,1,'on-going',NULL),(78,'Hệ thống đề xuất chương trình tập luyện thể dục',1,1,'on-going',NULL),(79,'Xây dựng hệ thống quản lý chương trình đào tạo dựa trên nền tảng web',1,1,'on-going',NULL),(80,'Phục chế ảnh bằng cách phương pháp học máy',1,1,'on-going',NULL),(81,'Các phương pháp phân lớp mức độ nghiêm trọng của bệnh COVID-19 dựa trên ảnh chụp x-quang ngực',1,1,'on-going',NULL),(82,'Receipt data extraction',1,1,'on-going',NULL),(83,'Chẩn đoán bệnh của cây trồng/hoa quả dựa trên xử lý ảnh',1,1,'on-going',NULL),(84,'Phân tích sự ảnh hưởng của biến toàn cục tới khả năng song song hóa của các chương trình C',1,1,'on-going',NULL),(85,'Thay đổi độ tuổi cho mô hình nhân vật',1,1,'on-going',NULL),(86,'Food leftover detection with deep learning',1,1,'on-going',NULL),(87,'Một số phương pháp tái cấu trúc mã nguồn cho tối ưu các chương trình C',1,1,'on-going',NULL),(88,'Một số phương pháp tái cấu trúc mã nguồn cho song song hóa các chương trình C',1,1,'on-going',NULL),(89,'Japanese handwritten characters dataset generation using Deep Learning',1,1,'on-going',NULL),(90,'Nghiên cứu vấn đề hiệu năng trong môi trường VR',1,1,'on-going',NULL),(91,'Nâng cao hiệu quả phát hiện thâm nhập sử dụng phương pháp tương quan giữa các cảnh báo',1,1,'on-going',NULL),(92,'Xây dựng hệ thống giám sát môi trường bằng mạng cảm biến không dây và Arduino',1,1,'on-going',NULL),(93,'Robust tracker for single object tracking',1,1,'on-going',NULL),(94,'Xây dựng ứng dụng luyện học Tiếng Anh.',1,1,'on-going',NULL),(95,'Phát triển phần mềm hỗ trợ nghiệp vụ đón khách trung chuyển',1,1,'on-going',NULL),(96,'Xây dựng công cụ tự động hoàn thành câu lệnh Java',1,1,'on-going',NULL),(97,'Hệ thống giám sát và cảnh báo bất thường cho máy chủ',1,1,'on-going',NULL),(98,'Hệ thống quản lý tài nguyên mạng trên nền tảng Kubernetes',1,1,'on-going',NULL),(99,'học đa tác vụ cho bài toán xác định đồng thời vị trí và hướng đầu người',1,1,'on-going',NULL),(100,'Xây dựng công cụ hỗ trợ generate code back end',1,1,'on-going',NULL),(101,'LibKluzzer: Công cụ sinh dữ liệu kiểm thử tự động',1,1,'on-going',NULL),(102,'Phương pháp sinh phản ví dụ nhằm nâng cao chất lượng cho các hệ thống học máy',1,1,'on-going',NULL),(103,'Một số cải tiến phương pháp sinh dữ liệu Kiểm thử cho các dự án C/C++ dựa trên phân tích mã nguồn',1,1,'on-going',NULL),(104,'Kỹ thuật lọc trong hệ tư vấn dựa trên ontology',1,1,'on-going',NULL),(105,'Xây dựng công cụ giám sát tự động trạng thái các API trên Kubernetes',1,1,'on-going',NULL),(106,'Khôi phục ảnh địa chấn',1,1,'on-going',NULL),(107,'Xây dựng công cụ kiểm lỗi chính tả cho Microsoft Office',1,1,'on-going',NULL),(108,'A Haar wavelet based method for multi-colored chanel image segmentation',1,1,'on-going',NULL),(109,'Heuristic Algorithms for the Quadratic Traveling Salesman Problem with an application in bioinformatics',1,1,'on-going',NULL),(110,'Semantic relation classification via graph Transfomer networks',1,1,'on-going',NULL),(111,'Phát triển công cụ phát hiện và hỗ trợ khai thác các lỗ hổng an ninh Web',1,1,'on-going',NULL),(112,'Xây dựng ứng dụng Game hỗ trợ việc học địa điểm và việc tương tác tập thể',1,1,'on-going',NULL),(113,'Xây dựng hệ thống đăng ký và quản lý khóa luận',1,1,'on-going',NULL),(114,'Xây dựng hệ thống truy xuất nguồn gốc sản phẩm: Mobile App',1,1,'on-going',NULL),(115,'Công cụ tự động thu thập dữ liệu cho hệ thống DoIT',1,1,'on-going',NULL),(116,'Tìm tập khách hàng tiềm năng sử dụng các kỹ thuật học máy phục vụ cho lĩnh vực bán lẻ.',1,1,'on-going',NULL),(117,'Phát triển triển lãm ảo đa nền tảng',1,1,'on-going',NULL),(118,'Phân vùng tóc bằng phương pháp học sâu',1,1,'on-going',NULL),(119,'Explainable deep learning models for segmentation ',1,1,'on-going',NULL),(120,'Xây dựng hệ thống tìm kiếm mã nguồn',1,1,'on-going',NULL),(121,'Sử dụng học sâu để trích rút thông tin về các hiểm họa an ninh mạng từ các nguồn tài liệu phi cấu trúc.',1,1,'on-going',NULL),(122,'Nghiên cứu các phương pháp học máy áp dụng cho bài toán gán nhãn doanh nghiệp',1,1,'on-going',NULL),(123,'Nghiên cứu các kĩ thuật đồ họa xây dựng khung cảnh ba chiều',1,1,'on-going',NULL),(124,'Triển khai ứng dụng đồ họa trong môn học Địa Lý',1,1,'on-going',NULL),(125,'Phân tích hành vi độc hại của WebAssembly',1,1,'on-going',NULL),(126,'A study on sharing experience on a mult-agent reinforcement learning framework',1,1,'on-going',NULL),(127,'Phát triển công cụ hỗ trợ sinh chế tác từ đặc tả ca sử dụng',1,1,'on-going',NULL),(128,'Ứng dụng mạng nơ-ron di truyền trong phát hiện người không đeo khẩu trang',1,1,'on-going',NULL),(129,'Nền tảng xây dựng và tham quan triển lãm ảo 3D trên web',1,1,'on-going',NULL),(130,'Representation learning for graph data',1,1,'on-going',NULL),(131,'Xây dựng hệ thống gợi ý sản phẩm cho website bán sách',1,1,'on-going',NULL),(132,'Learning to Transform Natural Language Queries into SQL Commands',1,1,'on-going',NULL),(133,'Phát triển ứng dụng web thu thập và sử dụng dữ liệu',1,1,'on-going',NULL),(134,'Xây dựng hệ thống quản trị nội dung đáp ứng truy cập cao và dữ liệu lớn',1,1,'on-going',NULL),(135,'công cụ visualize quá trình phát triển của phần mềm',1,1,'on-going',NULL),(136,'Dự báo rủi ro tín dụng dựa trên bộ dự liệu lending club',1,1,'on-going',NULL),(137,'Nghiên cứu và cải tiến mô hình mạng neuron nhị phân.',1,1,'on-going',NULL),(138,'Ứng dụng hỗ trợ bán xe ô tô',1,1,'on-going',NULL),(139,'Ứng dụng Mock Chat (ứng dụng nhắn tin giao lưu kết bạn)',1,1,'on-going',NULL),(140,'Xây dựng backend cho hệ thống đánh giá & quản lý nhân viên',1,1,'on-going',NULL),(141,'Xây dựng và phát triển chatbot để giải quyết các vấn đề văn phòng',1,1,'on-going',NULL),(142,'Hệ thống vay tiền Online (Lending System)',1,1,'on-going',NULL),(143,'Xây dựng ứng dụng web đặt vé tham quan du lịch theo địa danh',1,1,'on-going',NULL),(144,'Ước lượng hướng đầu người 360 độ từ camera giám sát trên cao',1,1,'on-going',NULL),(145,'Hệ thống vay tiền online (Lending system)',1,1,'on-going',NULL),(146,'Tìm hiểu NodeJS và ứng dụng để xây dựng hệ thống thương mại điện tử',1,1,'on-going',NULL),(147,'Ứng dụng đặt phòng khách sạn, tour du lịch Mustgo',1,1,'on-going',NULL),(148,'Nghiên cứu và phát triển User Interface cho ứng dụng trên nền tảng Web và Mobile',1,1,'on-going',NULL),(149,'Nghiên cứu, xây dựng ứng dụng di động theo dõi dông sét tại Việt Nam. ',1,1,'on-going',NULL),(150,'Hệ thống chăm sóc khách hàng cho công ty Viettel',1,1,'on-going',NULL),(151,'Ứng dụng hệ mật Lattice trong chữ ký số.',1,1,'on-going',NULL),(152,'Nghiên cứu, xây dựng hệ thống quản lý và chia sẻ dữ liệu cho lĩnh vực Trí tuệ nhân tạo',1,1,'on-going',NULL),(153,'Nghiên cứu các phương pháp bảo mật trong các hệ thống web',1,1,'on-going',NULL),(154,'Ứng dụng chuyển đổi ảnh chụp chân dung sang ảnh vẽ phác thảo',1,1,'on-going',NULL),(155,'Tìm hiểu Kotlin và xây dựng ứng dụng tra cứu thông tin.',1,1,'on-going',NULL),(156,'Xây dựng ứng dụng tách phông nền ảnh sử dụng phương pháp F, B, Alpha Matting',1,1,'on-going',NULL),(157,'Xấy dựng công cụ tạo báo cáo',1,1,'on-going',NULL),(158,'Xây dựng mô hình dự báo khách hàng rời mạng viễn thông dựa trên học máy',1,1,'on-going',NULL),(159,'Hệ thống đồng bộ kênh phân phối trực tuyến',1,1,'on-going',NULL),(160,'Ứng dụng các mô hình dựa trên đặc trưng kí tự để phân tích văn bản hán nôm',1,1,'on-going',NULL),(161,'Phân tích quan điểm người dùng',1,1,'on-going',NULL),(162,'Xây dựng hệ thống quản lý các chương trình đào tạo cho Trường đại học Công nghệ, ĐHQGHN',1,1,'on-going',NULL),(163,'Hệ thống khảo sát trực tuyến',1,1,'on-going',NULL),(164,'Hệ thống tư vấn',1,1,'on-going',NULL),(165,'Triển khai công cụ giám sát log cho hệ thống quản lý nhà hàng',1,1,'on-going',NULL),(166,' Triển khai hệ thống quản lý log đa kênh',1,1,'on-going',NULL),(167,'Học suốt đời, học khi làm việc trong chatbot',1,1,'on-going',NULL),(168,'Ứng dụng bản đồ số xây dựng website tìm kiếm và cho thuê bất động sản khu vực Hà Nội',1,1,'on-going',NULL),(169,'Xây dựng hệ thống bảo vệ bản quyền số cho nội dung video sử dụng các giải pháp open-source',1,1,'on-going',NULL),(170,'Hệ thống hỗ trợ quản lí sân thể thao cho chủ sân và người chơi ',1,1,'on-going',NULL),(171,'Tự động hóa cấu hình máy tính trong phòng thực hành - Trường Đại học Công nghệ ',1,1,'on-going',NULL),(172,'Kỹ thuật giải quyết vấn đề khởi đầu nguội trong Hệ thống tư vấn ',1,1,'on-going',NULL),(173,'Xây dựng công cụ hỗ trợ tương tác đa kênh với khách hàng',1,1,'on-going',NULL),(174,'Triển khai kho dữ liệu phục vụ đánh giá hiệu quả kinh doanh nhà hàng - phần backend',1,1,'on-going',NULL),(175,'Xây dựng ứng dụng quản lý nhà hàng',1,1,'on-going',NULL),(176,'Dự án truy xuất nguồn gốc ',1,1,'on-going',NULL),(177,'App thời tiết',1,1,'on-going',NULL),(178,'Ứng dụng thương mại điện tử',1,1,'on-going',NULL),(179,'xây dựng chân dung khách hàng dựa trên dữ liệu doanh nghiệp và mạng xã hội',1,1,'on-going',NULL),(180,'Mô hình học thế giới mở với chatbot',1,1,'on-going',NULL),(181,'Các nền tảng lập trình và phát triển game',1,1,'on-going',NULL),(182,'Triển khai kho dữ liệu phục vụ đánh giá hiệu quả kinh doanh nhà hàng - phần frontend',1,1,'on-going',NULL),(183,'Một số cải tiến công cụ sinh dữ liệu kiểm thử tự động cho các dự án TypeScript',1,1,'on-going',NULL),(184,'Nghiên cứu một số phương pháp tìm đường đi tối ưu',1,1,'on-going',NULL),(185,'Xây dựng hệ thống truy xuất nguồn gốc sản phẩm: Web App ',1,1,'on-going',NULL),(186,'Tích hợp dịch vụ xử lý văn bản cùa Google vào phân hệ tạo đề thi trắc nghiệm',1,1,'on-going',NULL),(187,'Xây dựng hệ thống lập thời khóa biểu tự động cho trường đại học',1,1,'on-going',NULL),(188,'Tìm hiểu và vận dụng ngôn ngữ chuyển đổi từ mô hình sang văn bản Acceleo',1,1,'on-going',NULL),(189,'Công cụ kiểm thử tự động CoVeriTest',1,1,'on-going',NULL),(190,'Khai phá dữ liệu sinh viên và đưa ra tư vấn chọn môn học ',1,1,'on-going',NULL),(191,'Xây dựng hệ thống quản lý tài sản cho Doanh nghiệp vừa và nhỏ trên môi trường Google App Script ',1,1,'on-going',NULL),(192,'UniSec ChatBot( chat bot hỗ trợ học sinh lựa chọn trường đại học phù hợp với yêu cầu )',1,1,'on-going',NULL),(193,'Xây dựng ứng dụng quản trị cho openstack dựa trên giải pháp single page application.',1,1,'on-going',NULL),(194,'Thư viện hộ trợ triển khai hệ thống microservice',1,1,'on-going',NULL),(195,'Tối ưu mua hàng trên các trang thương mại điện tử phổ biến',1,1,'on-going',NULL),(196,'Ứng dụng của IoT trong triển khai xây dựng đặt tour Du lịch thông minh',1,1,'on-going',NULL),(197,'Hệ thống thương mại điện tử',1,1,'on-going',NULL),(198,'Kỹ thuật nâng cao tải cho hệ thống Web',1,1,'on-going',NULL),(199,'Phân tích số liệu trong bóng đá ',1,1,'on-going',NULL),(200,'Tìm hiểu và thực nghiệm phương pháp kỹ nghệ ngôn ngữ phần mềm trên khung mô hình hóa EMF',1,1,'on-going',NULL),(201,'Hệ thống giả lập nhà thông minh trên nền tảng mã nguồn mở OpenHAB',1,1,'on-going',NULL),(202,'Xây dựng thư viện bảng tính cho các web',1,1,'on-going',NULL),(203,'Đánh giá một số nền tảng chuỗi khối phù hợp cho bài toán truy xuất nguồn gốc. ',1,1,'on-going',NULL),(204,'Phát triển dịch vụ sinh mã Captcha cho các ứng dụng web',1,1,'on-going',NULL),(205,'Xây dựng hệ thống quản lý chỉ tiêu nhiệm vụ Trường ĐHCN',1,1,'on-going',NULL),(206,'Nghiên cứu và xây dựng hệ thống WebGIS hiển thị và chia sẻ dữ liệu khí tượng đa nguồn sử dụng công nghệ ArcGIS Server và Meteor',1,1,'on-going',NULL),(207,' Phát triển ứng dụng Học bạ điện tử dựa trên công nghệ blockchain',1,1,'on-going',NULL),(208,'Trích xuất tác nhân gây bệnh từ dữ liệu y văn sử dụng kỹ thuật học sâu',1,1,'on-going',NULL),(209,'xây dựng website hỗ trợ học tập bằng NEXTJS',1,1,'on-going',NULL),(210,'Ứng dụng website thương mại điện tử',1,1,'on-going',NULL),(211,'Wedding App',1,1,'on-going',NULL),(212,'Nghiên cứu và thử nghiệm phương pháp hiệu chỉnh dữ liệu lượng mưa từ ảnh vệ tinh đa nguồn',1,1,'on-going',NULL),(213,'Xây dựng công cụ hỗ trợ tạo mẫu thiết kế ba chiều',1,1,'on-going',NULL),(214,'Xây dựng hệ thống quản lý nhà hàng trên nền tảng web',1,1,'on-going',NULL),(215,'Ứng dụng thực tế tăng cường trong giáo dục',1,1,'on-going',NULL),(216,'Nghiên cứu mô hình chia sẻ xe động',1,1,'on-going',NULL),(217,'Tối ưu hóa tìm kiếm cho dịch vụ đi chung xe',1,1,'on-going',NULL),(218,'Bài toán xây dựng hệ thống quản lý văn phòng cho công ty',1,1,'on-going',NULL),(219,'Xây dựng hệ thống back-end quản lý sản phẩm khoa học trong trường đại học',1,1,'on-going',NULL),(220,'Hệ thống bộ đàm PoC',1,1,'on-going',NULL),(221,'website học trực tuyến',1,1,'on-going',NULL),(222,'Hệ thông bộ đàm PoC',1,1,'on-going',NULL),(223,'Cloud computing',1,1,'on-going',NULL),(224,'Nghiên cứu phương pháp tự động phân đoạn ảnh Y tế sử dụng mạng nơ-ron với kiến trúc U-Net',1,1,'on-going',NULL),(225,'Mô hình dựa vào hoạt động cho dịch vụ đi chung xe ',1,1,'on-going',NULL),(226,'Data scaping và xây dựng ứng dụng từ dữ liệu',1,1,'on-going',NULL),(227,'Phát triển module cho trang web thương mại điện tử tại Việt Nam',1,1,'on-going',NULL),(228,'Hệ thống quản lý và điều vận xe buýt ',1,1,'on-going',NULL),(229,'Hệ thống quản lý và điều vận xe buýt',1,1,'on-going',NULL),(230,'Dự đoán điểm tín dụng khách hàng bằng phương pháp học máy',1,1,'on-going',NULL),(231,'Định tuyến cho dịch vụ đi chung xe thông minh',1,1,'on-going',NULL),(232,'Kỹ thuật xác định điểm quan tâm trong Hệ thống tư vấn',1,1,'on-going',NULL),(233,'Xây dựng giao diện clone hệ thống học tiếng anh Duolingo',1,1,'on-going',NULL),(234,'Dự đoán giá trị vòng đời khách hàng bằng phương pháp học máy',1,1,'on-going',NULL),(235,'Kỹ thuật lọc kết hợp trong hệ tư vấn',1,1,'on-going',NULL),(236,'Xây dựng UI cho website học ngôn ngữ mới',1,1,'on-going',NULL),(237,'An ninh trong kiến trúc vi dịch vụ ',1,1,'on-going',NULL),(238,'Xây dựng hệ thống thương mại điện tử hướng cá nhân hóa',1,1,'on-going',NULL),(239,'Xây dựng công cụ kiểm thử cho ứng dụng dựa trên Node.js',1,1,'on-going',NULL),(240,'Xây dựng thư viện chức năng quản lý nhà thông minh',1,1,'on-going',NULL),(241,'Hệ thống đánh giá theo tiêu chí Rubrics',1,1,'on-going',NULL),(242,' Xây dựng hệ thống trị liệu rối loạn ngôn ngữ.',1,1,'on-going',NULL),(243,'ĐÁNH GIÁ CÁC HỆ MẬT TRÊN ĐƯỜNG CONG ELLIPTIC',1,1,'on-going',NULL),(244,'Methodologies for detection of circular RNAs from RNA-sequencing data',1,1,'on-going',NULL),(245,'Ứng dụng di động học ngoại ngữ ',1,1,'on-going',NULL),(246,'Phân tích cú pháp văn bản xử lý ngôn ngữ tự nhiên',1,1,'on-going',NULL),(247,'Các công cụ kiểm thử tự động giao diện ứng dụng web',1,1,'on-going',NULL),(248,'Improving topological mapping in Graph Convolutional Networks for social recommendation',1,1,'on-going',NULL),(249,'Xây dựng hệ thống quản lý và trả kết quả xét nghiệm gen',1,1,'on-going',NULL),(250,'Công cụ kiểm thử tự động Verifuzz',1,1,'on-going',NULL),(251,'Xây dựng trang web thu thập, quản lý các chỉ số đánh giá năng lực học sinh',1,1,'on-going',NULL),(252,'Ứng dụng của mô hình SVM và PSO trong phân tích dữ liệu Lending Club',1,1,'on-going',NULL),(253,'Customer relationship management system',1,1,'on-going',NULL),(254,'Khai phá mẫu di động và xử lý truy vấn cho dịch vụ đi chung xe ',1,1,'on-going',NULL),(255,'Thương mại điện tử',1,1,'on-going',NULL),(256,'Xây dựng hệ thống quản lý giờ giảng dạy cho Trường Đại học Công nghệ, ĐHQGHN',1,1,'on-going',NULL),(257,'Hệ thống tăng cường tương tác với người học EQuiz',1,1,'on-going',NULL),(258,'Xây dựng hệ thống phản hồi trong lớp học dựa trên trò chơi',1,1,'on-going',NULL),(259,'Xây dựng công cụ đóng góp dữ liệu địa chỉ cho bản đồ số Việt Nam - Vmap (Web)',1,1,'on-going',NULL),(260,'Xây dựng ứng dụng từ điển thực vật',1,1,'on-going',NULL),(261,'Nghiên cứu phương pháp bó cụm đường đi cho dịch vụ đi chung xe ',1,1,'on-going',NULL),(262,'Ứng dụng dựng bản đồ 3D trong nhà cao tầng',1,1,'on-going',NULL),(263,'Hệ thống đặt sân bóng đá và bắt đối trực tuyến',1,1,'on-going',NULL),(264,'Cải tiến công cụ hỗ trợ kiểm thử hồi quy cho các dự án Java',1,1,'on-going',NULL),(265,'Xây dựng ứng dụng theo dõi, phân tích giá nông sản tại Viêt Nam',1,1,'on-going',NULL),(266,'Ứng dụng trò chuyện trực tuyến',1,1,'on-going',NULL),(267,'Xây dựng Web Service cho nền tảng quản lý và giám sát Ô tô',1,1,'on-going',NULL),(268,'Xây dựng công cụ kiểm thử tự động các ứng dụng web',1,1,'on-going',NULL),(269,'Phần mềm đánh giá năng lực',1,1,'on-going',NULL),(270,'Xây dựng hệ thống hỗ trợ quyết định cho dịch vụ đi chung xe',1,1,'on-going',NULL),(271,'Tìm hiểu kiến trúc microservice và vận dụng vào phần mềm hỗ trợ học phần phân tích thiết kế hướng đối tượng',1,1,'on-going',NULL),(272,'Ứng dụng lý thuyết IRT vào bài toán hiệu chuẩn tham số câu hỏi',1,1,'on-going',NULL),(273,'Phát triển hệ thống quản lý công việc cho công nhân xây dựng',1,1,'on-going',NULL),(274,'Hệ thống quản lý điểm rèn luyện sinh viên',1,1,'on-going',NULL),(275,'Xây dựng giao diện chức năng quản lý nhà thông minh',1,1,'on-going',NULL),(276,'Trang web học , luyện tập từ vựng tiếng anh',1,1,'on-going',NULL),(277,'Nghiên cứu một số phương pháp khuyến nghị ứng dụng trong bài toán dự đoán kết quả học tập',1,1,'on-going',NULL),(278,'Cân bằng đề với nhóm tương đương',1,1,'on-going',NULL),(279,'Xây dựng hệ thống quản lý nhà hàng trên nền tảng di động',1,1,'on-going',NULL),(280,'Hệ thống mua- bán- cho đồ cũ trên nền tảng di dộng',1,1,'on-going',NULL),(281,'Cân bằng đề với nhóm không tương đương',1,1,'on-going',NULL),(282,' Đánh giá mức độ uy tín của công ty dựa trên các nguồn thông tin mở',1,1,'on-going',NULL),(283,'Ứng dụng hỗ trợ người gặp sự cố xe trên đường',1,1,'on-going',NULL),(284,'Mạng xã hội Triumph',1,1,'on-going',NULL),(285,'Ứng dụng di động hỗ trợ công tác cứu hộ thiên tai ',1,1,'on-going',NULL),(286,'Xây dựng trang Web quản lý đề tài khoa học công nghệ cho trường đại học',1,1,'on-going',NULL),(287,'Website quản lý gia phả',1,1,'on-going',NULL),(288,'Hiệu chuẩn trực tuyến trong bài thi thích ứng trên máy tính',1,1,'on-going',NULL),(289,'ECDH / ECMQV',1,1,'on-going',NULL),(290,'Xây dựng hệ thống họp trực tuyến hỗ trợ tương tác công việc',1,1,'on-going',NULL),(291,'Theo dõi lượng điện tiêu thụ trong các lớp học sử dụng công tơ điện tử',1,1,'on-going',NULL),(292,'Quản lý nhân sự công ty trên web',1,1,'on-going',NULL),(293,'Nghiên cứu công cụ Django và áp dụng phát triển front-end cho bài toán dự báo kết quả học tập',1,1,'on-going',NULL),(294,'Phát triển hệ thống học trực tuyến đại chúng mở (MOOC) trên nền tảng edX',1,1,'on-going',NULL),(295,'Nghiên cứu, xây dựng mô hình dự báo nhu cầu bán hàng phục vụ các hệ thống quản lý quan hệ khách hàng (CRM)',1,1,'on-going',NULL),(296,'Phát triển phần Web và API cho ứng dụng Memo',1,1,'on-going',NULL),(297,'Xây dựng hệ thống data lake để phân tích dữ liệu với Hadoop',1,1,'on-going',NULL),(298,'Xây dựng framework tổ chức sự kiện trực tuyến',1,1,'on-going',NULL),(299,'Ứng dụng học máy trong lập trình trò chơi đá bóng',1,1,'on-going',NULL),(300,'Nghiên cứu và xây dựng hệ thống WebGIS hiển thị bản đồ chất lượng không khí đa nguồn sử dụng công nghệ ArcGIS Server và Meteor',1,1,'on-going',NULL),(301,'Tự động lập kế hoạch gia công cắt thép',1,1,'on-going',NULL),(302,'Beauty-Line',1,1,'on-going',NULL),(303,'Website tìm người ở ghép (Front-end)',1,1,'on-going',NULL),(304,'Nghiên cứu cá nhân hóa chatbot thông minh trong bán hàng online',1,1,'on-going',NULL),(305,'Nghiên cứu và xây dựng mô hình phân lớp lúa cho khu vực Đồng bằng Sông Hồng sử dụng học máy thống kê và dữ liệu viễn thám đa nguồn',1,1,'on-going',NULL),(306,'Ứng dụng xem và đăng tải video học tập trên di động',1,1,'on-going',NULL),(307,'Xây dựng hệ thống giúp nâng cao vốn từ vựng và khả năng sử dụng tiếng Việt',1,1,'on-going',NULL),(308,'Ứng dụng xem thông tin và đánh giá hàng hoá',1,1,'on-going',NULL),(309,'Ứng dụng mô hình học sâu trong phân tích xu hướng giá chứng khoán',1,1,'on-going',NULL),(310,'Question answering system',1,1,'on-going',NULL),(311,'Hệ thống hỗ trợ sinh viên làm bài tập nhóm',1,1,'on-going',NULL),(312,'Hệ thống giới thiệu thiết kế và bán nội thất',1,1,'on-going',NULL),(313,'Dự báo rủi ro tín dụng Lending Club dựa trên công nghệ học máy',1,1,'on-going',NULL),(314,'Nghiên cứu và xây dựng mô hình dự báo nồng độ PM2.5 trên khu vực Việt Nam sử dụng dữ liệu đa nguồn',1,1,'on-going',NULL),(315,'Nghiên cứu các phương pháp học máy tiên tiến và ứng dụng trong bài toán dự đoán bệnh',1,1,'on-going',NULL),(316,'Website đọc sách cho trẻ em',1,1,'on-going',NULL),(317,'Kỹ thuật học sâu trong hệ tư vấn',1,1,'on-going',NULL),(318,'Học suốt đời với chatbot ',1,1,'on-going',NULL),(319,'Xây dựng website thương mại điện tử với Laravel',1,1,'on-going',NULL),(320,'Ứng dụng IoT cho nhà thông minh',1,1,'on-going',NULL),(321,'Xây dựng hệ thống quản lý giờ nghiên cứu khoa học cho Trường Đại học Công nghệ, ĐHQGHN',1,1,'on-going',NULL),(322,'Xây dựng ứng dụng chat bot giải đáp quy chế của ĐH Công Nghệ, ĐHQG Hà Nội',1,1,'on-going',NULL),(323,'Hệ thống quản lý quy trình sản xuất trong nhà màng',1,1,'on-going',NULL),(324,'Xử lý truy vấn liên tục cho dịch vụ chia sẻ xe động',1,1,'on-going',NULL),(325,'Xây dựng ứng dụng luyện cảm âm',1,1,'on-going',NULL),(326,'Xây dựng công cụ tìm kiếm bằng hình ảnh tích hợp trang web thương mại điện tử',1,1,'on-going',NULL),(327,'Nghiên cứu và xây dựng mô hình phân loại các khu vực ngập lụt sử dụng học máy thống kê và dữ liệu viễn thám đa nguồn',1,1,'on-going',NULL),(328,'Xây dựng mô hình dự đoán chứng khoán dựa trên mô hình rừng ngẫu nhiên',1,1,'on-going',NULL),(329,'Nghiên cứu một số phương pháp phân loại tin tức tiếng Việt',1,1,'on-going',NULL),(330,'Dự đoán xu hướng giá chứng khoán dựa trên mô hình máy vector hỗ trợ',1,1,'on-going',NULL),(331,'Phương pháp thu thập, khai thác và mô hình hoá dữ liệu quản trị doanh nghiệp bằng các công cụ trong hệ sinh thái PowerApps của Microsoft',1,1,'on-going',NULL),(332,'Hệ thống gợi ý tin tức',1,1,'on-going',NULL),(333,'Tìm kiếm đối tượng dựa trên đặc tính của đối tượng và ràng buộc của người dùng',1,1,'on-going',NULL),(334,'Nghiên cứu các phương pháp học máy tin tiến và ứng dụng vào bài toán khai phá quan điểm tiếng Việt',1,1,'on-going',NULL),(335,'Vận dụng công nghệ chuỗi khối vào bài toán lần vết sản phẩm',1,1,'on-going',NULL),(336,'Cải tiến hệ thống dịch máy ít dữ liệu tài nguyên',1,1,'on-going',NULL),(337,'Gợi ý sửa lỗi tìm kiếm địa danh cho VMap',1,1,'on-going',NULL),(338,'Hệ thống bãi đỗ xe thông minh sử dụng công nghệ nhận diện biển số xe',1,1,'on-going',NULL),(339,'Website ôn luyện tiếng Nhật cho người xuất khẩu lao động',1,1,'on-going',NULL),(340,'Handwritten character recognition for Vietnamese using deep learning',1,1,'on-going',NULL),(341,'Learning augmentation for text recognition',1,1,'on-going',NULL),(342,'Phát triển một số chức năng chính cho phần mềm lần vết sản phẩm.',1,1,'on-going',NULL),(343,'Hệ thống đặt món ăn trong phạm vi nhà hàng.',1,1,'on-going',NULL),(344,'Nghiên cứu kỹ thuật kiểm thử hướng hành vi và áp dụng trong kiểm thử ứng dụng web cho nền tảng cung cấp dịch vụ dữ liệu địa chỉ Việt Nam',1,1,'on-going',NULL),(346,'Xây dựng công cụ phân tích dữ liệu không gian cho bản đồ số.',1,1,'on-going',NULL),(347,'Triển khai mô hình nhận diện chữ viết trên môi trường ứng dụng',1,1,'on-going',NULL),(348,'Hệ thống phát hiện và cảnh báo bạo lực trong học đường',1,1,'on-going',NULL),(349,'Quản lý nhà hàng',1,1,'on-going',NULL),(350,'Hệ thống quản lý và điều phối tài sản thông minh',1,1,'on-going',NULL),(351,'Kỹ thuật học sâu phát hiện tin giả',1,1,'on-going',NULL),(352,'Bài toán tối ưu hóa thời gian và chi phí việc đi xe chung trong thành phố',1,1,'on-going',NULL),(353,'Ứng dụng menu đa ngôn ngữ',1,1,'on-going',NULL),(354,'Trang web quản lý thông tin thỏa thuận hợp tác',1,1,'on-going',NULL),(355,'Xây dựng công cụ quản lý sự kiện',1,1,'on-going',NULL),(356,'Cá nhân hóa sinh mô tả sản phẩm với mô hình học sâu GPT-2',1,1,'on-going',NULL),(357,'Xây đựng hệ thống học tiếng Nhật online',1,1,'on-going',NULL),(358,'Sử dụng các kĩ thuật học máy để khai phá dữ liệu địa vật lý giếng khoan trong bài toán thăm dò triển vọng dầu khí',1,1,'on-going',NULL),(359,'Ứng dụng web quản lý kế hoạch học tập cá nhân',1,1,'on-going',NULL),(360,'Hệ Thống Nhắn tin tự động hỗ trợ Quản Lý Công Việc Giảng Dạy',1,1,'on-going',NULL),(361,'Nghiên cứu kỹ thuật kiểm thử đột biến và áp dụng trong kiểm thử ứng dụng di động cho nền tảng cung cấp dịch vụ dữ liệu địa chỉ Việt Nam',1,1,'on-going',NULL),(362,'Ứng dụng IoT trong theo dõi cây trồng- Chứng thực nguồn gốc nông sản',1,1,'on-going',NULL),(363,'Ứng dụng thống kê các bài báo của giảng viên Trường Đại học Công nghệ trên ứng dụng Google Scholar',1,1,'on-going',NULL),(364,'Xây dựng ứng dụng theo dõi sức khỏe',1,1,'on-going',NULL),(365,'Học suốt đời với Chatbot',1,1,'on-going',NULL),(366,'Xây dựng hệ thống thông tin nhà trọ sinh viên',1,1,'on-going',NULL),(367,'Xây dựng hệ thống đăng ký thi tại trung tâm khảo thí - ĐHQGHN',1,1,'on-going',NULL),(368,'Xây dựng cổng thông tin khảo thí trong Đại học Quốc gia Hà Nội',1,1,'on-going',NULL),(369,' Ứng dụng microservice trong hệ thống quản lý kinh doanh xăng dầu',1,1,'on-going',NULL),(370,'Ước tính tạo dáng 2D bằng một phần Affinity Fields trên một video có sẵn',1,1,'on-going',NULL),(371,'Nghiên cứu phát triển phần mềm đa nền tảng tương tác trực quan với cây tiến hóa',1,1,'on-going',NULL),(372,'Xây dựng ứng dụng số hoá văn bản Hán- Nôm',1,1,'on-going',NULL),(373,'Nghiên cứu các cách thức triển khai kiểm thử tự động',1,1,'on-going',NULL),(374,'Tìm hiểu về trục tích hợp dữ liệu dựa trên nền tảng LGSP',1,1,'on-going',NULL),(375,'Xây dựng hệ thống hỏi đáp tư vấn nấu ăn',1,1,'on-going',NULL),(376,'Xây dựng ứng dụng hỗ trợ trị liệu rối loạn ngôn ngữ cho trẻ em',1,1,'on-going',NULL),(377,'Website đặt tour du lịch',1,1,'on-going',NULL),(378,'Xây dựng ứng dụng di động bán hàng cho cửa hàng GAS',1,1,'on-going',NULL),(379,'Xây dựng trang web dịch tiếng Anh',1,1,'on-going',NULL),(380,'Website học tiếng Anh',1,1,'on-going',NULL),(381,'Hệ thống sinh câu hỏi tự động dựa trên mô hình transformer cho lĩnh vực giáo dục',1,1,'on-going',NULL),(382,'Giải pháp dựa trên OpenResty cho hệ thống eCommerce multi-tenant',1,1,'on-going',NULL),(383,'Hệ mật Lattices và ứng dụng',1,1,'on-going',NULL),(384,'Dự đoán thị trường chứng khoán',1,1,'on-going',NULL),(385,'Phát triển ứng dụng web luyện tập thể dục thể thao',1,1,'on-going',NULL),(386,'Ứng dụng đọc truyện tranh',1,1,'on-going',NULL),(387,'Phát triển dịch vụ quản lý khách hàng trên nền tảng Web',1,1,'on-going',NULL),(388,'Xây dựng hệ thống tổng hợp báo cáo kết quả tham dò quét lỗ hổng bảo mật',1,1,'on-going',NULL),(389,'System for managing and tracking personal medical history',1,1,'on-going',NULL),(390,'Xây dựng ứng dụng học tập trực tuyến trên website ',1,1,'on-going',NULL),(391,'Ứng dụng di động học toán cho học sinh tiểu học',1,1,'on-going',NULL),(392,'Tìm hiểu và đánh giá cơ sở dữ liệu CockroachDB',1,1,'on-going',NULL),(393,'Xây dựng ứng dụng trên Web quản lý cấp phát địa chỉ IP động (DHCP)',1,1,'on-going',NULL),(394,'Website tuyển dụng',1,1,'on-going',NULL),(395,'Phát hiện kháng kháng sinh sử dụng kỹ thuật học sâu',1,1,'on-going',NULL),(396,'phân tích nghiệp vụ về trang web quản lý tài liệu của chính phủ Nhật Bản',1,1,'on-going',NULL),(397,'Phát triển ứng dụng di động dựa trên nền tảng Mattermost',1,1,'on-going',NULL),(398,'Tìm hiểu một số dịch vụ của Google Cloud',1,1,'on-going',NULL),(399,'Xây dựng ứng dụng nhận dạng hoá đơn trên điện thoại di động sử dụng kiến trúc microservice',1,1,'on-going',NULL),(400,'Xây dựng ứng dụng hỗ trợ phổ biến thông tin mộc bản Triều Nguyễn',1,1,'on-going',NULL),(401,'Xây dựng ứng dụng hỗ trợ trị liệu rối loạn ngôn ngữ ',1,1,'on-going',NULL),(402,'Xây dựng ứng dụng phân tích loại đất dựa trên học máy',1,1,'on-going',NULL),(403,'Ứng dụng học tập trực tuyến cho sinh viên',1,1,'on-going',NULL),(404,'Mạng cảm biến không dây sử dụng cho việc giám sát sức khỏe con người',1,1,'on-going',NULL),(405,'Xây dựng ứng dụng quản lý thời khóa biểu cho giảng viên, sinh viên của Trường Đại học Công nghệ',1,1,'on-going',NULL),(406,'Điều khiển truy nhập VoLTE khi tải cao',1,1,'on-going',NULL),(407,'Tự động phát hiện lỗ hổng an ninh trong kiểm tra hợp thức phía server',1,1,'on-going',NULL),(409,'Tăng hiệu năng cho các ứng dụng giả lập lan truyền bệnh dịch trên đàn gia súc sử dụng điện toán phân tán',1,1,'on-going',NULL),(410,'Xây dựng và phát triển website thương mại điện tử',1,1,'on-going',NULL),(411,'Xây dựng hệ thống quản lý người dùng trên OpenLDAP cho Trường Đại học Công nghệ',1,1,'on-going',NULL),(412,'Đánh giá hiệu năng của phương pháp tái cấp kênh chủ động trong mạng truyền thông di động D2D',1,1,'on-going',NULL),(413,'Xây dựng ứng dụng theo dõi, quản lý các phòng thực hành máy tính',1,1,'on-going',NULL),(414,'Hệ thống quản lý trung tâm luyện thi đại học, cao đẳng',1,1,'on-going',NULL),(415,'Xây dựng hệ thống cung cấp, trao đổi thông tin cho sinh viên',1,1,'on-going',NULL),(416,'Đánh giá hiệu năng của giao thức mạng Jigbee',1,1,'on-going',NULL),(417,'Ứng dụng đặt suất ăn cho nhà hàng, khách sạn, nhà cung cấp dịch vụ',1,1,'on-going',NULL),(418,'Áp dụng Selenium và Webdriver cho webapp automation test',1,1,'on-going',NULL),(419,'Phát triển Game 2D với Cocos Creator trên nền tảng Facebook Instant Games',1,1,'on-going',NULL),(420,'Triển khai co dãn tài nguyên cho nền tảng phân tích dữ liệu STORM',1,1,'on-going',NULL),(421,'Đảm bảo chất lượng cho dịch vụ truyền thông đa phương tiện',1,1,'on-going',NULL),(422,'Phân lớp địa điểm cho bản đồ số Vmap',1,1,'on-going',NULL),(423,'Nghiên cứu kỹ thuật kiểm thử map service và áp dụng trong kiểm thử cho nền tảng cung cấp dịch vụ dữ liệu địa chỉ Việt Nam',1,1,'on-going',NULL),(424,'Quản lý nhà hàng đa ngôn ngữ',1,1,'on-going',NULL);
/*!40000 ALTER TABLE `project` ENABLE KEYS */;
UNLOCK TABLES;

--
-- Table structure for table `projectAdvisorRel`
--

DROP TABLE IF EXISTS `projectAdvisorRel`;
/*!40101 SET @saved_cs_client     = @@character_set_client */;
/*!40101 SET character_set_client = utf8 */;
CREATE TABLE `projectAdvisorRel` (
  `idProjectadvisorrel` int(11) NOT NULL AUTO_INCREMENT,
  `idAdvisor` int(11) DEFAULT NULL,
  `idProject` int(11) DEFAULT NULL,
  `status` int(11) DEFAULT NULL,
  PRIMARY KEY (`idProjectadvisorrel`),
  KEY `idAdvisor` (`idAdvisor`),
  KEY `idProject` (`idProject`),
  CONSTRAINT `projectAdvisorRel_ibfk_1` FOREIGN KEY (`idAdvisor`) REFERENCES `advisor` (`idAdvisor`),
  CONSTRAINT `projectAdvisorRel_ibfk_2` FOREIGN KEY (`idProject`) REFERENCES `project` (`idProject`)
) ENGINE=InnoDB AUTO_INCREMENT=563 DEFAULT CHARSET=utf8;
/*!40101 SET character_set_client = @saved_cs_client */;

--
-- Dumping data for table `projectAdvisorRel`
--

LOCK TABLES `projectAdvisorRel` WRITE;
/*!40000 ALTER TABLE `projectAdvisorRel` DISABLE KEYS */;
INSERT INTO `projectAdvisorRel` VALUES (1,1164,1,1),(2,1080,1,1),(3,911,2,1),(4,1193,3,1),(5,1202,3,1),(6,911,4,1),(7,817,5,1),(8,787,5,1),(9,907,6,1),(10,920,7,1),(11,1210,7,1),(12,914,8,1),(13,1032,8,1),(14,914,9,1),(15,1188,9,1),(16,805,10,1),(17,1209,10,1),(18,1164,11,1),(19,1080,11,1),(20,919,12,1),(21,1100,12,1),(22,807,13,1),(23,797,14,1),(24,1124,14,1),(25,902,15,1),(26,796,15,1),(27,919,16,1),(28,1100,16,1),(29,932,17,1),(30,9,18,1),(31,920,19,1),(32,1210,19,1),(33,1193,20,1),(34,822,21,1),(35,920,22,1),(36,1210,22,1),(37,817,23,1),(38,787,23,1),(39,919,24,1),(40,1100,24,1),(41,1193,25,1),(42,920,26,1),(43,1210,26,1),(44,799,27,1),(45,1208,27,1),(46,799,28,1),(47,1208,28,1),(48,884,29,1),(49,799,30,1),(50,1170,30,1),(51,817,31,1),(52,787,31,1),(53,817,32,1),(54,787,32,1),(55,817,33,1),(56,787,33,1),(57,817,34,1),(58,787,34,1),(59,799,35,1),(60,1208,35,1),(61,828,36,1),(62,1164,37,1),(63,1080,37,1),(64,1211,38,1),(65,1211,39,1),(66,894,40,1),(67,805,41,1),(68,1209,41,1),(69,797,42,1),(70,1062,42,1),(71,919,43,1),(72,1100,43,1),(73,919,44,1),(74,1100,44,1),(75,1204,45,1),(76,1193,46,1),(77,1202,46,1),(78,805,47,1),(79,799,48,1),(80,1170,48,1),(81,799,49,1),(82,1208,49,1),(83,1164,50,1),(84,1080,50,1),(85,902,51,1),(86,805,52,1),(87,902,53,1),(88,1087,53,1),(89,920,54,1),(90,1168,54,1),(91,902,55,1),(92,796,55,1),(93,902,56,1),(94,796,56,1),(95,828,57,1),(96,920,58,1),(97,1168,58,1),(98,1164,59,1),(99,1080,59,1),(100,828,60,1),(101,1164,61,1),(102,1080,61,1),(103,807,62,1),(104,802,63,1),(105,1138,63,1),(106,790,64,1),(107,796,65,1),(108,816,65,1),(109,1168,66,1),(110,1211,67,1),(111,819,68,1),(112,919,69,1),(113,1062,69,1),(114,1072,70,1),(115,1093,71,1),(116,911,72,1),(117,1002,72,1),(118,1186,73,1),(119,1201,74,1),(120,807,75,1),(121,1201,76,1),(122,1186,77,1),(123,822,78,1),(124,796,79,1),(125,816,79,1),(126,796,80,1),(127,816,80,1),(128,796,81,1),(129,816,81,1),(130,1205,82,1),(131,789,83,1),(132,797,84,1),(133,1100,84,1),(134,807,85,1),(135,1205,86,1),(136,797,87,1),(137,797,88,1),(138,1062,88,1),(139,1205,89,1),(140,1186,90,1),(141,824,91,1),(142,782,92,1),(143,817,93,1),(144,787,93,1),(145,920,94,1),(146,795,95,1),(147,919,96,1),(148,1123,96,1),(149,816,97,1),(150,822,98,1),(151,817,99,1),(152,4,100,1),(153,799,101,1),(154,797,102,1),(155,979,102,1),(156,797,103,1),(157,1153,104,1),(158,1001,104,1),(159,919,105,1),(160,1123,105,1),(161,1192,106,1),(162,1206,106,1),(163,919,107,1),(164,1100,107,1),(165,807,108,1),(166,1186,108,1),(167,1200,109,1),(168,932,110,1),(169,824,111,1),(170,827,112,1),(171,919,113,1),(172,1123,113,1),(173,920,114,1),(174,1166,114,1),(175,919,115,1),(176,1123,115,1),(177,914,116,1),(178,807,117,1),(179,817,118,1),(180,902,119,1),(181,919,120,1),(182,1123,120,1),(183,824,121,1),(184,9,122,1),(185,807,123,1),(186,807,124,1),(187,959,125,1),(188,1192,126,1),(189,795,127,1),(190,909,128,1),(191,1083,128,1),(192,807,129,1),(193,911,130,1),(194,792,131,1),(195,911,132,1),(196,1002,132,1),(197,894,133,1),(198,919,134,1),(199,1082,134,1),(200,919,135,1),(201,1082,135,1),(202,832,136,1),(203,1192,137,1),(204,920,138,1),(205,1166,138,1),(206,837,139,1),(207,798,140,1),(208,837,141,1),(209,920,142,1),(210,1166,142,1),(211,837,143,1),(212,817,144,1),(213,1126,144,1),(214,920,145,1),(215,1166,145,1),(216,919,146,1),(217,1082,146,1),(218,920,147,1),(219,1166,147,1),(220,811,148,1),(221,920,149,1),(222,1166,149,1),(223,798,150,1),(224,805,151,1),(225,907,152,1),(226,837,153,1),(227,789,154,1),(228,919,155,1),(229,1082,155,1),(230,894,156,1),(231,920,157,1),(232,1166,157,1),(233,1188,158,1),(234,798,159,1),(235,1174,159,1),(236,1192,160,1),(237,1153,161,1),(238,1001,161,1),(239,797,162,1),(240,1120,162,1),(241,9,163,1),(242,1250,163,1),(243,1153,164,1),(244,822,165,1),(245,822,166,1),(246,1153,167,1),(247,1034,167,1),(248,822,168,1),(249,4,169,1),(250,1150,170,1),(251,4,171,1),(252,1153,172,1),(253,1001,172,1),(254,822,173,1),(255,822,174,1),(256,782,175,1),(257,920,176,1),(258,1166,176,1),(259,782,177,1),(260,894,178,1),(261,914,179,1),(262,1153,180,1),(263,1034,180,1),(264,799,181,1),(265,822,182,1),(266,797,183,1),(267,1124,183,1),(268,832,184,1),(269,920,185,1),(270,1176,185,1),(271,795,186,1),(272,1164,187,1),(273,795,188,1),(274,799,189,1),(275,1073,190,1),(276,894,191,1),(277,837,192,1),(278,894,193,1),(279,830,194,1),(280,4,195,1),(281,782,196,1),(282,894,197,1),(283,799,198,1),(284,805,199,1),(285,795,200,1),(286,4,201,1),(287,830,202,1),(288,920,203,1),(289,1176,203,1),(290,830,204,1),(291,1225,205,1),(292,1047,206,1),(293,802,206,1),(294,920,207,1),(295,1176,207,1),(296,932,208,1),(297,920,209,1),(298,1176,209,1),(299,894,210,1),(300,792,211,1),(301,802,212,1),(302,1138,212,1),(303,919,213,1),(304,1082,213,1),(305,792,214,1),(306,920,215,1),(307,1168,215,1),(308,1193,216,1),(309,1193,217,1),(310,1200,218,1),(311,1164,219,1),(312,801,220,1),(313,1200,221,1),(314,801,222,1),(315,4,223,1),(316,807,224,1),(317,1193,225,1),(318,894,226,1),(319,894,227,1),(320,801,228,1),(321,801,229,1),(322,1188,230,1),(323,1193,231,1),(324,1153,232,1),(325,1001,232,1),(326,920,233,1),(327,1168,233,1),(328,1188,234,1),(329,1153,235,1),(330,1034,235,1),(331,920,236,1),(332,1081,236,1),(333,919,237,1),(334,1082,237,1),(335,919,238,1),(336,1123,238,1),(337,919,239,1),(338,1082,239,1),(339,785,240,1),(340,9,241,1),(341,1250,241,1),(342,811,242,1),(343,1244,242,1),(344,805,243,1),(345,832,244,1),(346,920,245,1),(347,1081,245,1),(348,884,246,1),(349,799,247,1),(350,1170,247,1),(351,1192,248,1),(352,819,249,1),(353,799,250,1),(354,1170,250,1),(355,832,251,1),(356,832,252,1),(357,837,253,1),(358,1193,254,1),(359,894,255,1),(360,797,256,1),(361,1120,256,1),(362,9,257,1),(363,9,258,1),(364,1250,258,1),(365,918,259,1),(366,789,260,1),(367,1193,261,1),(368,789,262,1),(369,837,263,1),(370,1156,264,1),(371,797,264,1),(372,789,265,1),(373,1160,266,1),(374,837,267,1),(375,837,268,1),(376,1193,270,1),(377,795,271,1),(378,959,272,1),(379,4,273,1),(380,9,274,1),(381,816,274,1),(382,785,275,1),(383,9,276,1),(384,9,277,1),(385,959,278,1),(386,792,279,1),(387,792,280,1),(388,959,281,1),(389,1192,282,1),(390,4,283,1),(391,4,284,1),(392,4,285,1),(393,828,286,1),(394,831,287,1),(395,959,288,1),(396,805,289,1),(397,1160,290,1),(398,828,291,1),(399,1150,292,1),(400,9,293,1),(401,9,294,1),(402,831,294,1),(403,907,295,1),(404,837,296,1),(405,4,297,1),(406,837,298,1),(407,802,299,1),(408,1047,300,1),(409,802,300,1),(410,959,301,1),(411,837,302,1),(412,837,303,1),(413,911,304,1),(414,1172,304,1),(415,826,305,1),(416,802,305,1),(417,837,306,1),(418,9,307,1),(419,837,308,1),(420,832,309,1),(421,884,310,1),(422,9,311,1),(423,831,311,1),(424,4,312,1),(425,832,313,1),(426,802,314,1),(427,1138,314,1),(428,1032,315,1),(429,9,316,1),(430,831,316,1),(431,1153,317,1),(432,1034,317,1),(433,1153,318,1),(434,1034,318,1),(435,782,319,1),(436,782,320,1),(437,797,321,1),(438,1121,321,1),(439,811,322,1),(440,1244,322,1),(441,828,323,1),(442,1193,324,1),(443,1253,325,1),(444,798,326,1),(445,826,327,1),(446,802,327,1),(447,832,328,1),(448,907,329,1),(449,832,330,1),(450,788,331,1),(451,907,332,1),(452,918,333,1),(453,1002,334,1),(454,1032,334,1),(455,795,335,1),(456,884,336,1),(457,918,337,1),(458,959,338,1),(459,959,339,1),(460,902,340,1),(461,902,341,1),(462,795,342,1),(463,822,343,1),(464,918,344,1),(466,918,346,1),(467,817,347,1),(468,817,348,1),(469,1126,348,1),(470,1160,349,1),(471,830,350,1),(472,1153,351,1),(473,1001,351,1),(474,1150,352,1),(475,1150,353,1),(476,1150,354,1),(477,1160,355,1),(478,1009,356,1),(479,1073,357,1),(480,1192,358,1),(481,9,359,1),(482,1250,359,1),(483,1225,360,1),(484,918,361,1),(485,1043,361,1),(486,828,362,1),(487,828,363,1),(488,979,364,1),(489,1153,365,1),(490,918,366,1),(491,1042,366,1),(492,1253,367,1),(493,1253,368,1),(494,1168,369,1),(495,909,370,1),(496,1192,370,1),(497,809,371,1),(498,1192,372,1),(499,807,373,1),(500,784,374,1),(501,1002,375,1),(502,811,376,1),(503,1244,376,1),(504,909,377,1),(505,1168,378,1),(506,979,379,1),(507,979,380,1),(508,1192,381,1),(509,1206,381,1),(510,1162,382,1),(511,805,383,1),(512,1158,384,1),(513,807,385,1),(514,1186,385,1),(515,884,386,1),(516,788,387,1),(517,788,388,1),(518,811,389,1),(519,1158,390,1),(520,909,391,1),(521,784,392,1),(522,1225,393,1),(523,828,394,1),(524,8,394,1),(525,932,395,1),(526,1180,395,1),(527,784,396,1),(528,784,397,1),(529,784,398,1),(530,1192,399,1),(531,811,400,1),(532,1244,400,1),(533,811,401,1),(534,1244,401,1),(535,789,402,1),(536,894,403,1),(537,1281,404,1),(538,833,405,1),(539,1006,406,1),(540,959,407,1),(542,1072,409,1),(543,811,410,1),(544,833,411,1),(545,1006,412,1),(546,833,413,1),(547,827,414,1),(548,1150,415,1),(549,8,415,1),(550,1281,416,1),(551,790,417,1),(552,8,418,1),(553,809,419,1),(554,1072,420,1),(555,1281,421,1),(556,918,422,1),(557,1042,422,1),(558,918,423,1),(559,1150,424,1),(560,1178,251,1),(561,1178,244,1),(562,1178,184,1);
/*!40000 ALTER TABLE `projectAdvisorRel` ENABLE KEYS */;
UNLOCK TABLES;

--
-- Table structure for table `projectStudentRel`
--

DROP TABLE IF EXISTS `projectStudentRel`;
/*!40101 SET @saved_cs_client     = @@character_set_client */;
/*!40101 SET character_set_client = utf8 */;
CREATE TABLE `projectStudentRel` (
  `idProjectstudentrel` int(11) NOT NULL AUTO_INCREMENT,
  `idStudent` int(11) DEFAULT NULL,
  `idProject` int(11) DEFAULT NULL,
  `status` int(11) DEFAULT NULL,
  PRIMARY KEY (`idProjectstudentrel`),
  KEY `idStudent` (`idStudent`),
  KEY `idProject` (`idProject`),
  CONSTRAINT `projectStudentRel_ibfk_1` FOREIGN KEY (`idStudent`) REFERENCES `student` (`idStudent`),
  CONSTRAINT `projectStudentRel_ibfk_2` FOREIGN KEY (`idProject`) REFERENCES `project` (`idProject`)
) ENGINE=InnoDB AUTO_INCREMENT=425 DEFAULT CHARSET=utf8;
/*!40101 SET character_set_client = @saved_cs_client */;

--
-- Dumping data for table `projectStudentRel`
--

LOCK TABLES `projectStudentRel` WRITE;
/*!40000 ALTER TABLE `projectStudentRel` DISABLE KEYS */;
INSERT INTO `projectStudentRel` VALUES (1,174,1,1),(2,164,2,1),(3,204,3,1),(4,165,4,1),(5,44,5,1),(6,24,6,1),(7,166,7,1),(8,190,8,1),(9,191,9,1),(10,28,10,1),(11,175,11,1),(12,198,12,1),(13,31,13,1),(14,158,14,1),(15,37,15,1),(16,199,16,1),(17,171,17,1),(18,162,18,1),(19,167,19,1),(20,202,20,1),(21,173,21,1),(22,168,22,1),(23,192,23,1),(24,200,24,1),(25,203,25,1),(26,169,26,1),(27,186,27,1),(28,187,28,1),(29,40,29,1),(30,189,30,1),(31,193,31,1),(32,194,32,1),(33,195,33,1),(34,196,34,1),(35,42,35,1),(36,159,36,1),(37,176,37,1),(38,181,38,1),(39,182,39,1),(40,197,40,1),(41,29,41,1),(42,163,42,1),(43,201,43,1),(44,47,44,1),(45,25,45,1),(46,205,46,1),(47,26,47,1),(48,43,48,1),(49,188,49,1),(50,177,50,1),(51,184,51,1),(52,27,52,1),(53,185,53,1),(54,18,54,1),(55,38,55,1),(56,39,56,1),(57,160,57,1),(58,170,58,1),(59,23,59,1),(60,14,60,1),(61,22,61,1),(62,30,62,1),(63,154,63,1),(64,161,64,1),(65,15,65,1),(66,45,66,1),(67,180,67,1),(68,153,68,1),(69,46,69,1),(70,41,70,1),(71,21,71,1),(72,408,72,1),(73,33,73,1),(74,178,74,1),(75,422,75,1),(76,179,76,1),(77,35,77,1),(78,410,78,1),(79,409,79,1),(80,16,80,1),(81,17,81,1),(82,20,82,1),(83,36,83,1),(84,157,84,1),(85,32,85,1),(86,19,86,1),(87,155,87,1),(88,156,88,1),(89,172,89,1),(90,34,90,1),(91,183,91,1),(92,13,92,1),(93,420,93,1),(94,5,94,1),(95,143,95,1),(96,144,96,1),(97,145,97,1),(98,146,98,1),(99,6,99,1),(100,147,100,1),(101,148,101,1),(102,7,102,1),(103,8,103,1),(104,9,104,1),(105,149,105,1),(106,150,106,1),(107,151,107,1),(108,152,108,1),(109,12,109,1),(110,11,110,1),(111,10,111,1),(112,421,112,1),(113,398,113,1),(114,64,114,1),(115,136,115,1),(116,128,116,1),(117,347,117,1),(118,376,118,1),(119,360,119,1),(120,137,120,1),(121,353,121,1),(122,236,122,1),(123,348,123,1),(124,349,124,1),(125,325,125,1),(126,122,126,1),(127,303,127,1),(128,105,128,1),(129,107,129,1),(130,61,130,1),(131,378,131,1),(132,63,132,1),(133,382,133,1),(134,393,134,1),(135,394,135,1),(136,218,136,1),(137,364,137,1),(138,65,138,1),(139,271,139,1),(140,400,140,1),(141,272,141,1),(142,66,142,1),(143,68,143,1),(144,377,144,1),(145,265,145,1),(146,134,146,1),(147,266,147,1),(148,108,148,1),(149,267,149,1),(150,138,150,1),(151,106,151,1),(152,333,152,1),(153,76,153,1),(154,356,154,1),(155,395,155,1),(156,383,156,1),(157,268,157,1),(158,284,158,1),(159,142,159,1),(160,365,160,1),(161,48,161,1),(162,252,162,1),(163,245,163,1),(164,206,164,1),(165,314,165,1),(166,315,166,1),(167,209,167,1),(168,94,168,1),(169,319,169,1),(170,253,170,1),(171,320,171,1),(172,213,172,1),(173,95,173,1),(174,96,174,1),(175,226,175,1),(176,269,176,1),(177,227,177,1),(178,384,178,1),(179,127,179,1),(180,210,180,1),(181,368,181,1),(182,316,182,1),(183,249,183,1),(184,50,184,1),(185,261,185,1),(186,304,186,1),(187,97,187,1),(188,305,188,1),(189,369,189,1),(190,132,190,1),(191,385,191,1),(192,69,192,1),(193,386,193,1),(194,78,194,1),(195,321,195,1),(196,228,196,1),(197,387,197,1),(198,370,198,1),(199,343,199,1),(200,306,200,1),(201,322,201,1),(202,278,202,1),(203,262,203,1),(204,279,204,1),(205,281,205,1),(206,82,206,1),(207,263,207,1),(208,309,208,1),(209,264,209,1),(210,388,210,1),(211,367,211,1),(212,235,212,1),(213,396,213,1),(214,379,214,1),(215,270,215,1),(216,140,216,1),(217,402,217,1),(218,311,218,1),(219,317,219,1),(220,291,220,1),(221,93,221,1),(222,292,222,1),(223,99,223,1),(224,351,224,1),(225,403,225,1),(226,389,226,1),(227,390,227,1),(228,293,228,1),(229,81,229,1),(230,285,230,1),(231,141,231,1),(232,214,232,1),(233,67,233,1),(234,286,234,1),(235,211,235,1),(236,259,236,1),(237,135,237,1),(238,399,238,1),(239,397,239,1),(240,312,240,1),(241,246,241,1),(242,111,242,1),(243,344,243,1),(244,224,244,1),(245,260,245,1),(246,117,246,1),(247,371,247,1),(248,124,248,1),(249,216,249,1),(250,372,250,1),(251,225,251,1),(252,219,252,1),(253,75,253,1),(254,407,254,1),(255,391,255,1),(256,251,256,1),(257,237,257,1),(258,247,258,1),(259,88,259,1),(260,357,260,1),(261,405,261,1),(262,358,262,1),(263,273,263,1),(264,355,264,1),(265,359,265,1),(266,373,266,1),(267,274,267,1),(268,70,268,1),(269,401,269,1),(270,406,270,1),(271,307,271,1),(272,326,272,1),(273,323,273,1),(274,244,274,1),(275,313,275,1),(276,59,276,1),(277,238,277,1),(278,327,278,1),(279,380,279,1),(280,131,280,1),(281,328,281,1),(282,366,282,1),(283,324,283,1),(284,100,284,1),(285,101,285,1),(286,51,286,1),(287,289,287,1),(288,329,288,1),(289,345,289,1),(290,374,290,1),(291,52,291,1),(292,60,292,1),(293,239,293,1),(294,243,294,1),(295,334,295,1),(296,71,296,1),(297,102,297,1),(298,275,298,1),(299,57,299,1),(300,83,300,1),(301,330,301,1),(302,276,302,1),(303,72,303,1),(304,62,304,1),(305,294,305,1),(306,73,306,1),(307,240,307,1),(308,74,308,1),(309,220,309,1),(310,118,310,1),(311,248,311,1),(312,103,312,1),(313,221,313,1),(314,234,314,1),(315,277,315,1),(316,242,316,1),(317,208,317,1),(318,207,318,1),(319,230,319,1),(320,229,320,1),(321,250,321,1),(322,110,322,1),(323,53,323,1),(324,404,324,1),(325,84,325,1),(326,419,326,1),(327,295,327,1),(328,222,328,1),(329,335,329,1),(330,223,330,1),(331,233,331,1),(332,336,332,1),(333,89,333,1),(334,91,334,1),(335,308,335,1),(336,363,336,1),(337,90,337,1),(338,331,338,1),(339,332,339,1),(340,361,340,1),(341,362,341,1),(342,92,342,1),(343,257,343,1),(344,297,344,1),(346,298,346,1),(347,130,347,1),(348,115,348,1),(349,129,349,1),(350,280,350,1),(351,215,351,1),(352,254,352,1),(353,255,353,1),(354,256,354,1),(355,375,355,1),(356,290,356,1),(357,381,357,1),(358,301,358,1),(359,241,359,1),(360,413,360,1),(361,302,361,1),(362,53,362,1),(363,231,363,1),(364,424,364,1),(365,207,365,1),(366,299,366,1),(367,85,367,1),(368,86,368,1),(369,392,369,1),(370,342,370,1),(371,318,371,1),(372,123,372,1),(373,350,373,1),(374,337,374,1),(375,87,375,1),(376,112,376,1),(377,340,377,1),(378,418,378,1),(379,287,379,1),(380,288,380,1),(381,126,381,1),(382,354,382,1),(383,346,383,1),(384,282,384,1),(385,352,385,1),(386,119,386,1),(387,412,387,1),(388,56,388,1),(389,109,389,1),(390,414,390,1),(391,341,391,1),(392,417,392,1),(393,79,393,1),(394,232,394,1),(395,310,395,1),(396,338,396,1),(397,104,397,1),(398,339,398,1),(399,125,399,1),(400,113,400,1),(401,114,401,1),(402,116,402,1),(403,133,403,1),(404,49,404,1),(405,415,405,1),(406,54,406,1),(407,416,407,1),(409,121,409,1),(410,423,410,1),(411,425,411,1),(412,55,412,1),(413,80,413,1),(414,283,414,1),(415,258,415,1),(416,217,416,1),(417,58,417,1),(418,77,418,1),(419,98,419,1),(420,120,420,1),(421,411,421,1),(422,426,422,1),(423,427,423,1),(424,428,424,1);
/*!40000 ALTER TABLE `projectStudentRel` ENABLE KEYS */;
UNLOCK TABLES;

--
-- Table structure for table `projecttype`
--

DROP TABLE IF EXISTS `projecttype`;
/*!40101 SET @saved_cs_client     = @@character_set_client */;
/*!40101 SET character_set_client = utf8 */;
CREATE TABLE `projecttype` (
  `idProjecttype` int(11) NOT NULL AUTO_INCREMENT,
  `name` varchar(30) DEFAULT NULL,
  `description` varchar(255) DEFAULT NULL,
  PRIMARY KEY (`idProjecttype`)
) ENGINE=InnoDB AUTO_INCREMENT=2 DEFAULT CHARSET=utf8;
/*!40101 SET character_set_client = @saved_cs_client */;

--
-- Dumping data for table `projecttype`
--

LOCK TABLES `projecttype` WRITE;
/*!40000 ALTER TABLE `projecttype` DISABLE KEYS */;
INSERT INTO `projecttype` VALUES (1,'KLTN','Khoa luan tot nghiep');
/*!40000 ALTER TABLE `projecttype` ENABLE KEYS */;
UNLOCK TABLES;

--
-- Table structure for table `quota`
--

DROP TABLE IF EXISTS `quota`;
/*!40101 SET @saved_cs_client     = @@character_set_client */;
/*!40101 SET character_set_client = utf8 */;
CREATE TABLE `quota` (
  `idQuota` int(11) NOT NULL AUTO_INCREMENT,
  `name` varchar(100) DEFAULT NULL,
  `description` varchar(255) DEFAULT NULL,
  `n_kltn` int(11) DEFAULT NULL,
  `n_dakh` int(11) DEFAULT NULL,
  PRIMARY KEY (`idQuota`)
) ENGINE=InnoDB AUTO_INCREMENT=9 DEFAULT CHARSET=utf8;
/*!40101 SET character_set_client = @saved_cs_client */;

--
-- Dumping data for table `quota`
--

LOCK TABLES `quota` WRITE;
/*!40000 ALTER TABLE `quota` DISABLE KEYS */;
INSERT INTO `quota` VALUES (2,'PGS.TS','quota for associate professor',15,NULL),(3,'TS','quota for PhD',12,NULL),(4,'ThS','quota for Master',4,1),(5,'GS.TS','Quota for Professor',18,1),(6,'NCS','Quota for NCS',4,1),(7,'CN','Quota for CN',2,1),(8,'HVCH','Quota for CN',2,1);
/*!40000 ALTER TABLE `quota` ENABLE KEYS */;
UNLOCK TABLES;

--
-- Table structure for table `semester`
--

DROP TABLE IF EXISTS `semester`;
/*!40101 SET @saved_cs_client     = @@character_set_client */;
/*!40101 SET character_set_client = utf8 */;
CREATE TABLE `semester` (
  `idSemester` int(11) NOT NULL AUTO_INCREMENT,
  `year` int(11) DEFAULT NULL,
  `semesterIndex` int(11) DEFAULT NULL,
  PRIMARY KEY (`idSemester`)
) ENGINE=InnoDB AUTO_INCREMENT=2 DEFAULT CHARSET=utf8;
/*!40101 SET character_set_client = @saved_cs_client */;

--
-- Dumping data for table `semester`
--

LOCK TABLES `semester` WRITE;
/*!40000 ALTER TABLE `semester` DISABLE KEYS */;
INSERT INTO `semester` VALUES (1,2020,1);
/*!40000 ALTER TABLE `semester` ENABLE KEYS */;
UNLOCK TABLES;

--
-- Table structure for table `staff`
--

DROP TABLE IF EXISTS `staff`;
/*!40101 SET @saved_cs_client     = @@character_set_client */;
/*!40101 SET character_set_client = utf8 */;
CREATE TABLE `staff` (
  `idStaff` int(11) NOT NULL AUTO_INCREMENT,
  `email` varchar(100) DEFAULT NULL,
  `fullname` varchar(200) DEFAULT NULL,
  PRIMARY KEY (`idStaff`)
) ENGINE=InnoDB AUTO_INCREMENT=12 DEFAULT CHARSET=utf8;
/*!40101 SET character_set_client = @saved_cs_client */;

--
-- Dumping data for table `staff`
--

LOCK TABLES `staff` WRITE;
/*!40000 ALTER TABLE `staff` DISABLE KEYS */;
INSERT INTO `staff` VALUES (4,'tunghx@vnu.edu.vn','Hoàng Xuân Tùng'),(11,'baoptm@vnu.edu.vn','Pham Thi Mai Bao');
/*!40000 ALTER TABLE `staff` ENABLE KEYS */;
UNLOCK TABLES;

--
-- Table structure for table `student`
--

DROP TABLE IF EXISTS `student`;
/*!40101 SET @saved_cs_client     = @@character_set_client */;
/*!40101 SET character_set_client = utf8 */;
CREATE TABLE `student` (
  `idStudent` int(11) NOT NULL AUTO_INCREMENT,
  `studentNumber` int(11) DEFAULT NULL,
  `email` varchar(100) DEFAULT NULL,
  `fullname` varchar(150) DEFAULT NULL,
  `dob` date DEFAULT NULL,
  `gender` tinyint(1) DEFAULT NULL,
  `klass` varchar(20) DEFAULT NULL,
  `idKlass` int(11) DEFAULT NULL,
  PRIMARY KEY (`idStudent`),
  KEY `idKlass` (`idKlass`),
  CONSTRAINT `student_ibfk_1` FOREIGN KEY (`idKlass`) REFERENCES `klass` (`idKlass`)
) ENGINE=InnoDB AUTO_INCREMENT=429 DEFAULT CHARSET=utf8;
/*!40101 SET character_set_client = @saved_cs_client */;

--
-- Dumping data for table `student`
--

LOCK TABLES `student` WRITE;
/*!40000 ALTER TABLE `student` DISABLE KEYS */;
INSERT INTO `student` VALUES (1,18020024,'18020024@vnu.edu.vn','Vũ Trần Quang Huy','2000-03-12',1,NULL,NULL),(2,16020064,'16020064@vnu.edu.vn','Ngô Minh Hoàng','2000-03-12',1,NULL,NULL),(3,17020646,'17020646@vnu.edu.vn','Đỗ Đường Duy','2000-03-12',1,NULL,NULL),(4,17020182,'17020182@vnu.edu.vn','Diệp Văn Hiếu','2000-03-12',1,NULL,NULL),(5,17020608,'17020608@vnu.edu.vn','Nguyễn Duy Chiến','1999-09-11',NULL,'K62C - CLC',7),(6,17020771,'17020771@vnu.edu.vn','Nguyễn Việt Hoàng','1999-10-05',NULL,'K62C - CLC',7),(7,17020827,'17020827@vnu.edu.vn','Đỗ Minh Khá','1999-09-11',NULL,'K62C - CLC',7),(8,17020845,'17020845@vnu.edu.vn','Nguyễn Tùng Lâm','1999-10-11',NULL,'K62C - CLC',7),(9,17020942,'17020942@vnu.edu.vn','Nguyễn Ngọc Nhanh','1999-02-03',NULL,'K62C - CLC',7),(10,16021099,'16021099@vnu.edu.vn','Nguyễn Thị Phượng','1998-05-22',NULL,'K61C - CLC',8),(11,17020064,'17020064@vnu.edu.vn','Nguyễn Đức Thắng','1999-10-19',NULL,'K62C - CLC',7),(12,17020057,'17020057@vnu.edu.vn','Hoàng Bảo Long','1999-08-11',NULL,'K62C - CLC',7),(13,16022418,'16022418@vnu.edu.vn','Thái Quốc Tuấn','1998-12-12',NULL,'K61CA - CLC2',6),(14,16020046,'16020046@vnu.edu.vn','Nguyễn Văn Mạnh','1998-04-07',NULL,'K61CA - CLC1',5),(15,17021234,'17021234@vnu.edu.vn','Nguyễn Minh Đức','1999-09-03',NULL,'K62CA - CLC1',2),(16,17021272,'17021272@vnu.edu.vn','Lê Quốc Khánh','1999-05-02',NULL,'K62CA - CLC3',4),(17,17021273,'17021273@vnu.edu.vn','Mẫn Quốc Khánh','1999-02-09',NULL,'K62CA - CLC3',4),(18,17021278,'17021278@vnu.edu.vn','Lê Kiên','1999-03-07',NULL,'K62CA - CLC3',4),(19,17021305,'17021305@vnu.edu.vn','Nguyễn Thành Nam','1999-04-04',NULL,'K62CA - CLC3',4),(20,17021281,'17021281@vnu.edu.vn','Nguyễn Trọng Lâm','1999-12-16',NULL,'K62CA - CLC3',4),(21,17021254,'17021254@vnu.edu.vn','Lê Đình Hoàng','1999-10-09',NULL,'K62CA - CLC2',3),(22,16020062,'16020062@vnu.edu.vn','Vũ Thị Thanh Lâm','1998-02-22',NULL,'K61CA-CLC1',NULL),(23,16020047,'16020047@vnu.edu.vn','Vũ Duy Mạnh','1998-06-13',NULL,'K62CA - CLC1',2),(24,17021247,'17021247@vnu.edu.vn','Nguyễn Trung Hiếu','1999-05-03',NULL,'K62CA - CLC1',2),(25,17021314,'17021314@vnu.edu.vn','Nguyễn Ngọc Phong','1999-09-08',NULL,'K62CA - CLC2',3),(26,17021319,'17021319@vnu.edu.vn','Lê Quang Phước','1999-08-08',NULL,'K62CA - CLC2',3),(27,17021255,'17021255@vnu.edu.vn','Nguyễn Minh Hoàng','1999-03-10',NULL,'K62CA - CLC3',4),(28,17020053,'17020053@vnu.edu.vn','Ngô Minh Hoàng','1999-05-05',NULL,'K62CA - CLC1',2),(29,17021286,'17021286@vnu.edu.vn','Phạm Tuấn Linh','1999-05-04',NULL,'K62CA - CLC2',3),(30,16020226,'16020226@vnu.edu.vn','Dương Minh Hiếu','1998-11-16',NULL,'K61CA - CLC1',5),(31,17021276,'17021276@vnu.edu.vn','Nguyễn Minh Khôi','1999-10-02',NULL,'K62CA - CLC1',2),(32,17021296,'17021296@vnu.edu.vn','Mạc Đình Minh','1999-11-30',NULL,'K62CA - CLC3',4),(33,17021233,'17021233@vnu.edu.vn','Phạm Vương Đăng','1999-08-04',NULL,'K62CA - CLC3',4),(34,17021335,'17021335@vnu.edu.vn','Nguyễn Chí Thành','1999-03-11',NULL,'K62CA - CLC3',4),(35,17021240,'17021240@vnu.edu.vn','Phạm Lê Minh Hải','1999-09-28',NULL,'K62CA - CLC3',4),(36,17021292,'17021292@vnu.edu.vn','Nguyễn Quỳnh Mai','1999-01-27',NULL,'K62CA - CLC3',4),(37,17021288,'17021288@vnu.edu.vn','Khổng Thị Mai Loan','1999-03-08',NULL,'K62CA - CLC1',2),(38,17021311,'17021311@vnu.edu.vn','Cao Minh Nhật','1999-10-06',NULL,'K62CA - CLC3',4),(39,17021357,'17021357@vnu.edu.vn','Trần Quang Vinh','1999-11-05',NULL,'K62CA - CLC3',4),(40,17021213,'17021213@vnu.edu.vn','Nguyễn Quốc Cường','1999-06-04',NULL,'K62CA - CLC2',3),(41,17021348,'17021348@vnu.edu.vn','Hà Minh Tuấn','1999-06-22',NULL,'K62CA - CLC1',2),(42,17021241,'17021241@vnu.edu.vn','Nguyễn Phương Hằng','1999-07-09',NULL,'K62CA - CLC2',3),(43,17021325,'17021325@vnu.edu.vn','Nguyễn Minh Quân','1999-06-04',NULL,'K62CA - CLC2',3),(44,17020173,'17020173@vnu.edu.vn','Dương Thị Thúy Hằng','1998-01-02',NULL,'K62CA - CLC1',2),(45,17021216,'17021216@vnu.edu.vn','Đào Tiến Dũng','1999-02-15',NULL,'K62CA - CLC1',2),(46,17021345,'17021345@vnu.edu.vn','Lê Khánh Toàn','1999-12-28',NULL,'K62CA - CLC1',2),(47,17021306,'17021306@vnu.edu.vn','Phạm Công Nam','1999-12-07',NULL,'K62CA - CLC2',3),(48,17020687,'17020687@vnu.edu.vn','Phạm Ngọc Đông','1999-12-08',NULL,'K62CC',11),(49,16022257,'16022257@vnu.edu.vn','Nguyễn Thị Thu Hà','1998-07-23',NULL,'K61N',22),(50,17020725,'17020725@vnu.edu.vn','Phan Thị Thanh Hằng','1999-01-10',NULL,'K62CD',12),(51,17021041,'17021041@vnu.edu.vn','Vũ Thanh Thiên','1999-05-10',NULL,'K62CK',17),(52,17021124,'17021124@vnu.edu.vn','Hà Xuân Việt','1999-01-12',NULL,'K62CK',17),(53,17021120,'17021120@vnu.edu.vn','Nguyễn Công Ngọc Tưởng','1999-08-06',NULL,'K62CC',11),(54,16021574,'16021574@vnu.edu.vn','Nguyễn Minh Hiền','1998-02-14',NULL,'K61N',22),(55,16022482,'16022482@vnu.edu.vn','Đoàn Hồng Phúc','1998-06-19',NULL,'K61N',22),(56,16021289,'16021289@vnu.edu.vn','Tiêu Công Hòa','1998-03-19',NULL,'K61T',24),(57,17020792,'17020792@vnu.edu.vn','Phạm Văn Hùng','1999-02-01',NULL,'K62CL',18),(58,16022450,'16022450@vnu.edu.vn','Tưởng Công Thành','1997-06-26',NULL,'K61N',22),(59,17020866,'17020866@vnu.edu.vn','Phạm Đức Long','1999-10-09',NULL,'K62CK',17),(60,17020593,'17020593@vnu.edu.vn','Vi Thế Anh','1999-01-02',NULL,'K62CL',18),(61,17020103,'17020103@vnu.edu.vn','Nguyễn Hùng Quang','1999-06-06',NULL,'K62CAC',9),(62,17020891,'17020891@vnu.edu.vn','Hoàng Kim Minh','1999-03-12',NULL,'K62CL',18),(63,17021059,'17021059@vnu.edu.vn','Đặng Hữu Tiến','1997-02-03',NULL,'K62CAC',9),(64,17021179,'17021179@vnu.edu.vn','Nguyễn Đăng An','1999-09-04',NULL,'K62CAC',9),(65,17020695,'17020695@vnu.edu.vn','Lê Văn Đức','1999-11-03',NULL,'K62CB',10),(66,17020793,'17020793@vnu.edu.vn','Vi Mạnh Hùng','1999-05-06',NULL,'K62CB',10),(67,17020949,'17020949@vnu.edu.vn','Hoàng Cao Phi','1999-11-06',NULL,'K62CF',14),(68,17020824,'17020824@vnu.edu.vn','Nguyễn Thị Hường','1999-05-11',NULL,'K62CB',10),(69,17020977,'17020977@vnu.edu.vn','Đỗ Văn Quang','1999-06-02',NULL,'K62CD',12),(70,17020661,'17020661@vnu.edu.vn','Trần Hải Dương','1999-01-02',NULL,'K62CK',17),(71,17020701,'17020701@vnu.edu.vn','Trần Tiến Đức','1997-03-12',NULL,'K62CL',18),(72,17020859,'17020859@vnu.edu.vn','Nguyễn Tuấn Linh','1999-12-03',NULL,'K62CL',18),(73,17020911,'17020911@vnu.edu.vn','Nguyễn Hữu Nam','1999-02-03',NULL,'K62CL',18),(74,17020941,'17020941@vnu.edu.vn','Phạm Đình Nhã','1999-01-10',NULL,'K62CL',18),(75,17021106,'17021106@vnu.edu.vn','Nguyễn Đăng Tuấn','1999-05-06',NULL,'K62CG',15),(76,17021042,'17021042@vnu.edu.vn','Nguyễn Đức Thiện','1999-09-04',NULL,'K62CB',10),(77,16022452,'16022452@vnu.edu.vn','Trần Thị Anh Thư','1998-12-10',NULL,'K61N',22),(78,17020998,'17020998@vnu.edu.vn','Đỗ Văn Sĩ','1999-09-07',NULL,'K62CD',12),(79,17020009,'17020009@vnu.edu.vn','Nguyễn Anh Khoa','1999-09-27',NULL,'K62J',21),(80,16021636,'16021636@vnu.edu.vn','Phạm Văn Quyến','1998-11-02',NULL,'K61N',22),(81,17020789,'17020789@vnu.edu.vn','Nguyễn Mạnh Hùng','1999-06-12',NULL,'K62CF',14),(82,17020778,'17020778@vnu.edu.vn','Vũ Việt Hoàng','1999-05-06',NULL,'K62CE',13),(83,17020838,'17020838@vnu.edu.vn','Đỗ Lương Khoa','1999-06-06',NULL,'K62CL',18),(84,17020604,'17020604@vnu.edu.vn','Nguyễn Văn Bằng','1999-08-08',NULL,'K62CH',16),(85,17020770,'17020770@vnu.edu.vn','Nguyễn Việt Hoàng','1999-04-13',NULL,'K62CD',12),(86,17020777,'17020777@vnu.edu.vn','VŨ MẠNH HOÀNG','1999-07-14',NULL,'K62CD',12),(87,17020986,'17020986@vnu.edu.vn','Nguyễn Anh Quân','1999-11-21',NULL,'K62CF',14),(88,17020806,'17020806@vnu.edu.vn','Nguyễn Ngọc Huyên','1999-08-01',NULL,'K62CH',16),(89,17020561,'17020561@vnu.edu.vn','Nguyễn Thành An','1999-11-08',NULL,'K62J',21),(90,17020637,'17020637@vnu.edu.vn','Nguyễn Hồng Doanh','1999-08-01',NULL,'K62J',21),(91,17021148,'17021148@vnu.edu.vn','Hồ Thị Kim Anh','1999-02-04',NULL,'K62J',21),(92,17020783,'17020783@vnu.edu.vn','Đỗ Mạnh Hùng','1999-12-11',NULL,'K62J',21),(93,17020659,'17020659@vnu.edu.vn','Phạm Ích Dương','1999-04-12',NULL,'K62CF',14),(94,17020997,'17020997@vnu.edu.vn','Vũ Ngọc Sáng','1999-06-11',NULL,'K62CC',11),(95,17021144,'17021144@vnu.edu.vn','Hoàng Thị Yến','1999-02-09',NULL,'K62CC',11),(96,17020572,'17020572@vnu.edu.vn','Lê Tuấn Anh','1999-03-04',NULL,'K62CD',12),(97,17020796,'17020796@vnu.edu.vn','Đặng Bá Huy','1999-09-03',NULL,'K62CD',12),(98,16022497,'16022497@vnu.edu.vn','Đỗ Quốc Trọng','1998-06-12',NULL,'K61N',22),(99,17020681,'17020681@vnu.edu.vn','Lê Hải Đăng','1999-08-12',NULL,'K62CF',14),(100,17021008,'17021008@vnu.edu.vn','Đặng Đức Tài','1999-04-11',NULL,'K62CK',17),(101,17021029,'17021029@vnu.edu.vn','Nguyễn Mạnh Thắng','1999-01-02',NULL,'K62CK',17),(102,17020706,'17020706@vnu.edu.vn','Nguyễn Trường Giang','1999-11-02',NULL,'K62CL',18),(103,17021064,'17021064@vnu.edu.vn','Phạm Duy Tiếp','1999-02-09',NULL,'K62CL',18),(104,17021057,'17021057@vnu.edu.vn','Phạm Văn Thường','1998-05-14',NULL,'K62J',21),(105,17021201,'17021201@vnu.edu.vn','Nguyễn Trọng Nghĩa','1999-04-07',NULL,'K62CAC',9),(106,17020966,'17020966@vnu.edu.vn','Lại Thị Thu Phương','1999-05-11',NULL,'K62CB',10),(107,17020970,'17020970@vnu.edu.vn','Nguyễn Văn Phương','1999-11-08',NULL,'K62CAC',9),(108,17020933,'17020933@vnu.edu.vn','Nguyễn Thị Ngọc','1999-02-12',NULL,'K62CB',10),(109,16021325,'16021325@vnu.edu.vn','Lê Quý Phong','1998-07-27',NULL,'K61T',24),(110,17020968,'17020968@vnu.edu.vn','Nguyễn Minh Phương','1999-03-03',NULL,'K62CF',14),(111,17020720,'17020720@vnu.edu.vn','Nguyễn Thị Hồng Hạnh','1999-01-02',NULL,'K62CG',15),(112,17020689,'17020689@vnu.edu.vn','Diệp Huy Đức','1999-10-20',NULL,'K62 CG',NULL),(113,17021096,'17021096@vnu.edu.vn','Nguyễn Văn Tú','1999-01-27',NULL,'k62CQ-J',NULL),(114,17021134,'17021134@vnu.edu.vn','Đặng Quang Vũ','1999-05-05',NULL,'K62-CQJ',NULL),(115,17020874,'17020874@vnu.edu.vn','Vũ Trung Hiếu','1999-02-04',NULL,'K62J',21),(116,17021145,'17021145@vnu.edu.vn','Vũ Thị Hải Yến','1999-06-13',NULL,'K62J',21),(117,17020835,'17020835@vnu.edu.vn','Nguyễn Duy Khánh','1999-11-07',NULL,'K62CG',15),(118,17020996,'17020996@vnu.edu.vn','Nguyễn Trọng Rưỡng','1999-03-02',NULL,'K62CL',18),(119,15021358,'15021358@vnu.edu.vn','Nguyễn Việt Minh Nghĩa','1997-02-05',NULL,'K60CD',23),(120,16021659,'16021659@vnu.edu.vn','Đinh Bá Trung','1998-02-04',NULL,'K61N',22),(121,16022442,'16022442@vnu.edu.vn','Hà Ngọc Linh','1998-04-21',NULL,'K61N',22),(122,17020035,'17020035@vnu.edu.vn','Nguyễn Nhật Minh','1999-06-09',NULL,'K62CAC',9),(123,17021033,'17021033@vnu.edu.vn','Phạm Quyết Thắng','1999-12-06',NULL,'K62CE',13),(124,17020852,'17020852@vnu.edu.vn','Hoàng Thị Linh','1999-08-03',NULL,'K62CG',15),(125,17021072,'17021072@vnu.edu.vn','Đào Huyền Trang','1999-09-01',NULL,'K62J',21),(126,17020722,'17020722@vnu.edu.vn','Đinh Sỹ Hào','1999-07-11',NULL,'K62CK',17),(127,17020675,'17020675@vnu.edu.vn','Nguyễn Chí Đạt','1999-11-08',NULL,'K62CD',12),(128,17020590,'17020590@vnu.edu.vn','Trần Đăng Anh','1999-07-03',NULL,'K62CAC',9),(129,17020901,'17020901@vnu.edu.vn','Trần Đức Minh','1999-09-06',NULL,'K62J',21),(130,17020858,'17020858@vnu.edu.vn','Nguyễn Thị Linh','1998-10-08',NULL,'K62J',21),(131,17020937,'17020937@vnu.edu.vn','Phạm Thị Thảo Nguyên','1999-07-10',NULL,'K62CK',17),(132,17020846,'17020846@vnu.edu.vn','Vũ Văn Lâm','1999-09-01',NULL,'K62CD',12),(133,16021572,'16021572@vnu.edu.vn','Hoàng Thái Hà','1998-05-18',NULL,'K61N',22),(134,17020892,'17020892@vnu.edu.vn','Lại Đức Minh','1999-10-02',NULL,'K62CB',10),(135,17021045,'17021045@vnu.edu.vn','Nguyễn Đình Thịnh','1999-05-02',NULL,'K62CF',14),(136,17021180,'17021180@vnu.edu.vn','Phạm Lê Việt Anh','1999-02-03',NULL,'K62CAC',9),(137,17021186,'17021186@vnu.edu.vn','Nguyễn Thị Phương Đông','1999-07-01',NULL,'K62CAC',9),(138,17020962,'17020962@vnu.edu.vn','Trần Hồng Phúc','1999-02-01',NULL,'K62CB',10),(139,17020622,'17020622@vnu.edu.vn','Cao Văn Cường','1999-06-12',NULL,'K62CG',15),(140,17021099,'17021099@vnu.edu.vn','Trương Thành Tú','1999-01-02',NULL,'K62CE',13),(141,17020902,'17020902@vnu.edu.vn','Vũ Đức Minh','1999-06-09',NULL,'K62CF',14),(142,17020619,'17020619@vnu.edu.vn','Nguyễn Thành Công','1999-06-07',NULL,'K62CC',11),(143,17020617,'17020617@vnu.edu.vn','Kiều Chí Công','1999-06-13',NULL,'K62C - CLC',7),(144,17020076,'17020076@vnu.edu.vn','Trần Mạnh Cường','1999-10-14',NULL,'K62C - CLC',7),(145,17020077,'17020077@vnu.edu.vn','Nguyễn Ngọc Đăng','1999-08-14',NULL,'K62C - CLC',7),(146,17020694,'17020694@vnu.edu.vn','Hoàng Mạnh Đức','1999-12-19',NULL,'K62C - CLC',7),(147,17020772,'17020772@vnu.edu.vn','Nguyễn Xuân Hoàng','1999-07-30',NULL,'K62C - CLC',7),(148,17020822,'17020822@vnu.edu.vn','Phạm Thị Hương','1999-10-29',NULL,'K62C - CLC',7),(149,17020951,'17020951@vnu.edu.vn','Đỗ Hồng Phong','1999-09-21',NULL,'K62C - CLC',7),(150,17020992,'17020992@vnu.edu.vn','Nguyễn Văn Quyết','1999-06-11',NULL,'K62C - CLC',7),(151,17021090,'17021090@vnu.edu.vn','Đỗ Đình Trường','1999-11-16',NULL,'K62C - CLC',7),(152,17020567,'17020567@vnu.edu.vn','Đào Việt Anh','1999-04-19',NULL,'K62C - CLC',7),(153,17021344,'17021344@vnu.edu.vn','Trần Việt Tiến','1999-12-22',NULL,'K62CA - CLC1',2),(154,16020227,'16020227@vnu.edu.vn','Phan Đăng Trung Hiếu','1998-11-12',NULL,'K61CA-CLC2',NULL),(155,17021313,'17021313@vnu.edu.vn','Đinh Công Phan','1999-06-15',NULL,'K62CA - CLC3',4),(156,17021328,'17021328@vnu.edu.vn','Dương Hoàng Sơn','1999-02-26',NULL,'K62CA - CLC3',4),(157,17021297,'17021297@vnu.edu.vn','Nguyễn Đình Minh','1999-10-17',NULL,'K62CA - CLC3',4),(158,17021285,'17021285@vnu.edu.vn','Nguyễn Tuấn Linh','1999-05-13',NULL,'K62CA - CLC1',2),(159,17021242,'17021242@vnu.edu.vn','Phạm Tuấn Hiệp','1999-11-23',NULL,'K62CA - CLC2',3),(160,17021338,'17021338@vnu.edu.vn','Lê Văn Thịnh','1999-12-08',NULL,'K62CA - CLC2',3),(161,17021230,'17021230@vnu.edu.vn','Bùi Tiến Đạt','1999-08-13',NULL,'K62CA - CLC1',2),(162,17021318,'17021318@vnu.edu.vn','Phan Tất Phúc','1999-06-15',NULL,'K62CA - CLC1',2),(163,17021300,'17021300@vnu.edu.vn','Nguyễn Ngọc Minh','1999-12-18',NULL,'K62CA - CLC2',3),(164,17021211,'17021211@vnu.edu.vn','Đỗ Văn Bằng','1999-02-17',NULL,'K62CA - CLC1',2),(165,17021236,'17021236@vnu.edu.vn','Phan Thế Giang','1999-01-13',NULL,'K62CA - CLC1',2),(166,17021252,'17021252@vnu.edu.vn','Nguyễn Hữu Hòa','1999-03-14',NULL,'K62CA - CLC1',2),(167,17021323,'17021323@vnu.edu.vn','Nguyễn Hợp Quang','1999-03-13',NULL,'K62CA - CLC1',2),(168,17021336,'17021336@vnu.edu.vn','Vũ Công Thi','1999-07-22',NULL,'K62CA - CLC1',2),(169,17021353,'17021353@vnu.edu.vn','Nguyễn Ngọc Thanh Tùng','1999-09-30',NULL,'K62CA - CLC1',2),(170,17021321,'17021321@vnu.edu.vn','Trần Thu Phương','1999-10-19',NULL,'K62CA - CLC2',3),(171,17020061,'17020061@vnu.edu.vn','Đỗ Thị Hồng Ngát','1999-03-30',NULL,'K62CA - CLC1',2),(172,17021330,'17021330@vnu.edu.vn','Phạm Thái Sơn','1999-09-10',NULL,'K62CA - CLC3',4),(173,17021333,'17021333@vnu.edu.vn','Lâm Hà Thái','1999-04-15',NULL,'K62CA - CLC1',2),(174,17020045,'17020045@vnu.edu.vn','Phạm Quang Anh','1999-12-25',NULL,'K62CA - CLC1',2),(175,17020052,'17020052@vnu.edu.vn','Nguyễn Huy Hoàng','1999-09-04',NULL,'K62CA - CLC1',2),(176,17021246,'17021246@vnu.edu.vn','Nguyễn Trung Hiếu','1999-09-29',NULL,'K62CA - CLC2',3),(177,17021342,'17021342@vnu.edu.vn','Nhữ Anh Thư','1999-05-10',NULL,'K62CA - CLC2',3),(178,17021215,'17021215@vnu.edu.vn','Nguyễn Duy Diễn','1999-01-13',NULL,'K62CA - CLC3',4),(179,17021235,'17021235@vnu.edu.vn','Nguyễn Công Trường Giang','1999-11-25',NULL,'K62CA - CLC3',4),(180,17021268,'17021268@vnu.edu.vn','Trần Quang Huy','1999-08-22',NULL,'K62CA - CLC1',2),(181,17021257,'17021257@vnu.edu.vn','Nguyễn Việt Hoàng','1999-11-12',NULL,'K62CA - CLC2',3),(182,17021275,'17021275@vnu.edu.vn','Vũ Quốc Khánh','1999-05-23',NULL,'K62CA - CLC2',3),(183,16020300,'16020300@vnu.edu.vn','Bùi Đức Anh','1998-02-06',NULL,'K61CA - CLC1',5),(184,17021228,'17021228@vnu.edu.vn','Nguyễn Văn Dương','1999-04-24',NULL,'K62CA - CLC3',4),(185,17021256,'17021256@vnu.edu.vn','Nguyễn Trọng Hoàng','1999-06-08',NULL,'K62CA - CLC3',4),(186,17021209,'17021209@vnu.edu.vn','Trương Việt Anh','1999-11-26',NULL,'K62CA - CLC2',3),(187,17021210,'17021210@vnu.edu.vn','Trần Anh Bảo','1999-08-27',NULL,'K62CA - CLC2',3),(188,17021326,'17021326@vnu.edu.vn','Nguyễn Tuấn Quốc','1999-12-20',NULL,'K62CA - CLC2',3),(189,17021214,'17021214@vnu.edu.vn','Trần Văn Cường','1999-09-11',NULL,'K62CA - CLC2',3),(190,17021251,'17021251@vnu.edu.vn','Trần Bá Hoà','1999-09-17',NULL,'K62CA - CLC1',2),(191,17021253,'17021253@vnu.edu.vn','Đặng Hữu Hoàn','1999-09-09',NULL,'K62CA - CLC1',2),(192,17021346,'17021346@vnu.edu.vn','Phạm Ngọc Anh Trang','1999-09-21',NULL,'K62CA - CLC1',2),(193,17021219,'17021219@vnu.edu.vn','Hạ Anh Dũng','1999-01-21',NULL,'K62CA - CLC2',3),(194,17021227,'17021227@vnu.edu.vn','Nguyễn Minh Dương','1999-04-19',NULL,'K62CA - CLC2',3),(195,17021229,'17021229@vnu.edu.vn','Vũ Trọng Dương','1999-10-03',NULL,'K62CA - CLC2',3),(196,17021237,'17021237@vnu.edu.vn','Bùi Quang Hà','1999-02-25',NULL,'K62CA - CLC2',3),(197,17021280,'17021280@vnu.edu.vn','Nguyễn Đức Lâm','1999-01-24',NULL,'K62CA - CLC2',3),(198,17021263,'17021263@vnu.edu.vn','Nguyễn Quang Huy','1999-05-24',NULL,'K62CA - CLC1',2),(199,17021291,'17021291@vnu.edu.vn','Phạm Khánh Ly','1999-08-18',NULL,'K62CA - CLC1',2),(200,17021350,'17021350@vnu.edu.vn','Phạm Minh Tuấn','1999-08-31',NULL,'K62CA - CLC1',2),(201,17021304,'17021304@vnu.edu.vn','Nguyễn Nam','1999-03-12',NULL,'K62CA - CLC2',3),(202,17021332,'17021332@vnu.edu.vn','Lê Minh Tâm','1999-03-25',NULL,'K62CA - CLC1',2),(203,17021351,'17021351@vnu.edu.vn','Hoàng Sơn Tùng','1999-08-08',NULL,'K62CA - CLC1',2),(204,17021224,'17021224@vnu.edu.vn','Phạm Đức Duy','1999-09-14',NULL,'K62CA - CLC1',2),(205,17021316,'17021316@vnu.edu.vn','Bùi Văn Phúc','1999-01-05',NULL,'K62CA - CLC2',3),(206,17020913,'17020913@vnu.edu.vn','Nguyễn Sỹ Nam','1999-03-26',NULL,'K62CC',11),(207,17020729,'17020729@vnu.edu.vn','Đoàn Duy Hiển','1999-03-20',NULL,'K62CD',12),(208,17020888,'17020888@vnu.edu.vn','Bùi Quang Minh','1999-10-28',NULL,'K62CG',15),(209,17020974,'17020974@vnu.edu.vn','Cao Xuân Quang','1999-03-18',NULL,'K62CC',11),(210,17020688,'17020688@vnu.edu.vn','Bùi Huỳnh Đức','1999-12-20',NULL,'K62CD',12),(211,17021017,'17021017@vnu.edu.vn','Nguyễn Tiến Thành','1999-04-17',NULL,'K62CF',14),(212,17020800,'17020800@vnu.edu.vn','Nguyễn Văn Huy','1999-01-28',NULL,'K62CL',18),(213,17021109,'17021109@vnu.edu.vn','Phan Văn Tuấn','1999-06-26',NULL,'K62CC',11),(214,17020928,'17020928@vnu.edu.vn','Trần Đại Nghĩa','1999-07-18',NULL,'K62CF',14),(215,17021164,'17021164@vnu.edu.vn','Phạm Hoàng Nam','1999-10-21',NULL,'K62J',21),(216,17020854,'17020854@vnu.edu.vn','Lê Thị Thùy Linh','1998-10-24',NULL,'K62CG',15),(217,16021648,'16021648@vnu.edu.vn','Lê Ngọc Thành','1998-06-16',NULL,'K61N',22),(218,17020636,'17020636@vnu.edu.vn','Dư Đình Doanh','1999-12-14',NULL,'K62CB',10),(219,17021018,'17021018@vnu.edu.vn','Nguyễn Văn Thành','1999-11-14',NULL,'K62CG',15),(220,17020978,'17020978@vnu.edu.vn','Nguyễn Hữu Minh Quang','1999-10-30',NULL,'K62CL',18),(221,17021080,'17021080@vnu.edu.vn','Nguyễn Hữu Trí','1997-06-26',NULL,'K62CL',18),(222,17021170,'17021170@vnu.edu.vn','Bùi Thị Minh Anh','1999-11-16',NULL,'K62T',20),(223,17021172,'17021172@vnu.edu.vn','Nguyễn Thị Hà','1999-03-20',NULL,'K62T',20),(224,17020790,'17020790@vnu.edu.vn','Nguyễn Mạnh Hùng','1999-05-18',NULL,'K62CG',15),(225,17020947,'17020947@vnu.edu.vn','Bùi Phương Nhung','1999-12-29',NULL,'K62CG',15),(226,17020581,'17020581@vnu.edu.vn','Nguyễn Thị Lan Anh','1999-09-17',NULL,'K62CD',12),(227,17020638,'17020638@vnu.edu.vn','Nguyễn Thị Xuân Dung','1999-07-09',NULL,'K62CD',12),(228,17021012,'17021012@vnu.edu.vn','Nguyễn Hồng Thái','1999-09-28',NULL,'K62CD',12),(229,17020639,'17020639@vnu.edu.vn','Đặng Anh Dũng','1999-04-07',NULL,'K62CD',12),(230,17020603,'17020603@vnu.edu.vn','Hà Văn Bắc','1999-11-23',NULL,'K62CE',13),(231,17021127,'17021127@vnu.edu.vn','Nguyễn Huy Việt','1999-11-16',NULL,'K62CC',11),(232,17020844,'17020844@vnu.edu.vn','Nguyễn Thị Lan','1999-12-06',NULL,'K62 CQJ',NULL),(233,17021177,'17021177@vnu.edu.vn','Phạm Thiên Long','1999-11-13',NULL,'K62T',20),(234,17021095,'17021095@vnu.edu.vn','Lê Tuấn Tú','1999-04-18',NULL,'K62CL',18),(235,17020936,'17020936@vnu.edu.vn','Ngô Gia Nguyên','1999-10-04',NULL,'K62CE',13),(236,17020025,'17020025@vnu.edu.vn','Phạm Ngọc Hiếu','1999-01-21',NULL,'K62CAC',9),(237,17020780,'17020780@vnu.edu.vn','Vũ Văn Học','1999-01-01',NULL,'K62CH',16),(238,17020871,'17020871@vnu.edu.vn','Nguyễn Đức Lộc','1999-11-13',NULL,'K62CK',17),(239,17020595,'17020595@vnu.edu.vn','Vũ Trung Anh','1999-04-22',NULL,'K62CL',18),(240,17020939,'17020939@vnu.edu.vn','Đặng Văn Nguyễn','1999-07-26',NULL,'K62CL',18),(241,16022435,'16022435@vnu.edu.vn','Doãn Đoàn Đại Hùng','1998-03-04',NULL,'K61N',22),(242,17021142,'17021142@vnu.edu.vn','Trần Thế Vượng','1999-01-19',NULL,'K62CL',18),(243,17020597,'17020597@vnu.edu.vn','Đặng Thị Ngọc Ánh','1999-12-18',NULL,'K62CL',18),(244,17020766,'17020766@vnu.edu.vn','Nguyễn Cảnh Hoàng','1999-06-23',NULL,'K62CK',17),(245,17020884,'17020884@vnu.edu.vn','Trần Đào Mạnh','1999-11-19',NULL,'K62CC',11),(246,17020673,'17020673@vnu.edu.vn','Ngô Quốc Đạt','1999-09-14',NULL,'K62CG',15),(247,17020798,'17020798@vnu.edu.vn','Ngô Đức Huy','1999-12-14',NULL,'K62CH',16),(248,17021009,'17021009@vnu.edu.vn','Nguyễn Duy Tâm','1999-01-23',NULL,'K62CL',18),(249,17020724,'17020724@vnu.edu.vn','Nguyễn Thu Hằng','1999-04-04',NULL,'K62CD',12),(250,17021007,'17021007@vnu.edu.vn','Phạm Thị Thu Sương','1999-01-19',NULL,'K62CH',16),(251,17020651,'17020651@vnu.edu.vn','Đặng Thị Duyên','1999-08-11',NULL,'K62CH',16),(252,17020718,'17020718@vnu.edu.vn','Trần Ngọc Hải','1999-10-22',NULL,'K62CC',11),(253,17021097,'17021097@vnu.edu.vn','Phạm Anh Tú','1999-02-24',NULL,'K62CC',11),(254,17020975,'17020975@vnu.edu.vn','Đặng Vũ Nhật Quang','1999-11-13',NULL,'K62J',21),(255,17021014,'17021014@vnu.edu.vn','Nguyễn Hữu Thanh','1999-01-31',NULL,'K62J',21),(256,17021067,'17021067@vnu.edu.vn','Nguyễn Tiến Toàn','1999-07-16',NULL,'K62J',21),(257,17020795,'17020795@vnu.edu.vn','Lê Hữu Đạt','1999-03-28',NULL,'K62J',21),(258,16022445,'16022445@vnu.edu.vn','Phan Văn Tài','1993-02-10',NULL,'K61-N',NULL),(259,17021038,'17021038@vnu.edu.vn','Nguyễn Văn Thế','1999-09-13',NULL,'K62CF',14),(260,17020797,'17020797@vnu.edu.vn','Lê Quang Huy','1999-07-20',NULL,'K62CG',15),(261,17020746,'17020746@vnu.edu.vn','Nguyễn Minh Hiếu','1999-06-28',NULL,'K62CD',12),(262,17020676,'17020676@vnu.edu.vn','Nguyễn Văn Đạt','1999-03-15',NULL,'K62CE',13),(263,17020788,'17020788@vnu.edu.vn','Nguyễn Mạnh Hùng','1999-05-27',NULL,'K62CE',13),(264,17020869,'17020869@vnu.edu.vn','Ứng Thành Long','1999-05-17',NULL,'K62CE',13),(265,17020877,'17020877@vnu.edu.vn','Vũ Thị Thanh Mai','1999-11-16',NULL,'K62CB',10),(266,17020905,'17020905@vnu.edu.vn','Bùi Hoàng Nam','1999-03-25',NULL,'K62CB',10),(267,17020946,'17020946@vnu.edu.vn','Đỗ Văn Nhị','1999-10-16',NULL,'K62CB',10),(268,17021126,'17021126@vnu.edu.vn','Nguyễn Đức Việt','1999-01-26',NULL,'K62CB',10),(269,17020602,'17020602@vnu.edu.vn','Đỗ Tuấn Bắc','1999-01-22',NULL,'K62CD',12),(270,17021058,'17021058@vnu.edu.vn','Tạ Quang Thưởng','1999-10-28',NULL,'K62CE',13),(271,17020711,'17020711@vnu.edu.vn','Nguyễn Thị Lệ Hà','1999-01-18',NULL,'K62CB',10),(272,17020768,'17020768@vnu.edu.vn','Nguyễn Huy Hoàng','1999-05-13',NULL,'K62CB',10),(273,17020980,'17020980@vnu.edu.vn','Phạm Hồng Quang','1999-12-24',NULL,'K62CH',16),(274,17021094,'17021094@vnu.edu.vn','Vũ Quốc Trưởng','1999-05-07',NULL,'K62CH',16),(275,17020759,'17020759@vnu.edu.vn','Phí Xuân Hoàn','1999-01-22',NULL,'K62CL',18),(276,17020850,'17020850@vnu.edu.vn','Nguyễn Thị Liên','1999-01-14',NULL,'K62CL',18),(277,17021115,'17021115@vnu.edu.vn','Vũ Văn Tùng','1999-08-31',NULL,'K62CL',18),(278,17020633,'17020633@vnu.edu.vn','Ninh Hồng Diệp','1999-11-30',NULL,'K62CE',13),(279,17020719,'17020719@vnu.edu.vn','Lê Hồng Hạnh','1999-01-20',NULL,'K62CE',13),(280,17020916,'17020916@vnu.edu.vn','Nguyễn Thế Nam','1999-03-15',NULL,'K62J',21),(281,17020763,'17020763@vnu.edu.vn','Đào Khả Hoàng','1999-10-11',NULL,'K62CE',13),(282,17020817,'17020817@vnu.edu.vn','Phạm Nhật Hưng','1999-12-22',NULL,'K62CL',18),(283,16022470,'16022470@vnu.edu.vn','Nguyễn Tân Sơn','1998-04-05',NULL,'K61N',22),(284,17020612,'17020612@vnu.edu.vn','Phạm Văn Chính','1999-06-13',NULL,'K62CC',11),(285,17020853,'17020853@vnu.edu.vn','Lê Thị Thùy Linh','1999-11-10',NULL,'K62CF',14),(286,17021006,'17021006@vnu.edu.vn','Trần Thiên Sơn','1999-11-17',NULL,'K62CF',14),(287,17020667,'17020667@vnu.edu.vn','Nguyễn Thị Đào','1999-12-21',NULL,'K62CH',16),(288,17020674,'17020674@vnu.edu.vn','Ngô Văn Đạt','1999-10-30',NULL,'K62CH',16),(289,17021063,'17021063@vnu.edu.vn','Vũ Đức Tiến','1999-01-18',NULL,'K62CK',17),(290,17021073,'17021073@vnu.edu.vn','Nguyễn Thu Trang','1999-11-04',NULL,'K62J',21),(291,17020648,'17020648@vnu.edu.vn','Nguyễn Trung Duy','1999-06-23',NULL,'K62CF',14),(292,17020677,'17020677@vnu.edu.vn','Phạm Tiến Đạt','1999-08-18',NULL,'K62CF',14),(293,17020784,'17020784@vnu.edu.vn','Hà Anh Hùng','1999-02-22',NULL,'K62CF',14),(294,17020904,'17020904@vnu.edu.vn','Bùi Bá Nam','1999-09-15',NULL,'K62CL',18),(295,15021351,'15021351@vnu.edu.vn','Hà Nhật Dương','1997-09-05',NULL,'K60CD',23),(296,17021146,'17021146@vnu.edu.vn','Nguyễn Thành An','1999-04-03',NULL,'K62J',21),(297,17021158,'17021158@vnu.edu.vn','Hoàng Thị Ngọc Huyền','1999-09-24',NULL,'K62J',21),(298,17021160,'17021160@vnu.edu.vn','Hoàng Ngọc Khôi','1999-04-01',NULL,'K62J',21),(299,17020753,'17020753@vnu.edu.vn','Dương Văn Hòa','1999-02-19',NULL,'K62CD',12),(300,17021079,'17021079@vnu.edu.vn','Nguyễn Văn Tráng','1999-01-15',NULL,'K62CK',17),(301,17021128,'17021128@vnu.edu.vn','Dương Khánh Linh','1999-08-16',NULL,'K62J',21),(302,17020560,'17020560@vnu.edu.vn','Dương Hoài An','1999-02-02',NULL,'K62CB',10),(303,17021200,'17021200@vnu.edu.vn','Trần Phương Nam','1999-08-27',NULL,'K62CAC',9),(304,17020787,'17020787@vnu.edu.vn','Nguyễn Kim Hùng','1999-03-28',NULL,'K62CD',12),(305,17020819,'17020819@vnu.edu.vn','Đỗ Thị Hương','1999-10-20',NULL,'K62CD',12),(306,17021075,'17021075@vnu.edu.vn','Nguyễn Thị Huyền Trang','1999-08-07',NULL,'K62CD',12),(307,17020705,'17020705@vnu.edu.vn','Nguyễn Trường Giang','1999-08-28',NULL,'K62CK',17),(308,17021149,'17021149@vnu.edu.vn','Hoàng Quang Chỉnh','1999-03-06',NULL,'K62J',21),(309,17020165,'17020165@vnu.edu.vn','Đào Quang Huy','1998-05-14',NULL,'K62CE',13),(310,17020912,'17020912@vnu.edu.vn','Nguyễn Ngọc Nam','1999-12-15',NULL,'K62J',21),(311,17020577,'17020577@vnu.edu.vn','Nguyễn Hoàng Anh','1999-09-08',NULL,'K62CF',14),(312,17020650,'17020650@vnu.edu.vn','Vũ Khương Duy','1999-05-23',NULL,'K62CG',15),(313,17020829,'17020829@vnu.edu.vn','Nguyễn Văn Khải','1998-03-20',NULL,'K62CK',17),(314,17020919,'17020919@vnu.edu.vn','Vũ Hải Nam','1999-07-22',NULL,'K62CC',11),(315,17020940,'17020940@vnu.edu.vn','Nguyễn Đức Nhã','1999-02-19',NULL,'K62CC',11),(316,17020708,'17020708@vnu.edu.vn','Nguyễn Ngọc Giỏi','1999-12-27',NULL,'K62CD',12),(317,17020629,'17020629@vnu.edu.vn','Tống Đức Cường','1999-01-13',NULL,'K62CF',14),(318,17020812,'17020812@vnu.edu.vn','Nguyễn Đức Huynh','1999-08-29',NULL,'K62CE',13),(319,17021011,'17021011@vnu.edu.vn','Lại Quang Thái','1999-06-20',NULL,'K62CC',11),(320,17021103,'17021103@vnu.edu.vn','Lâm Văn Tuấn','1999-01-27',NULL,'K62CC',11),(321,17021004,'17021004@vnu.edu.vn','Phạm Hoàng Sơn','1999-01-18',NULL,'K62CD',12),(322,17021116,'17021116@vnu.edu.vn','Đinh Văn Tuyên','1999-04-09',NULL,'K62CD',12),(323,17020750,'17020750@vnu.edu.vn','Trần Kim Hiếu','1999-08-20',NULL,'K62CK',17),(324,17021001,'17021001@vnu.edu.vn','Nguyễn Ngọc Sơn','1999-12-27',NULL,'K62CK',17),(325,17021194,'17021194@vnu.edu.vn','Nguyễn Khả Quang Huy','1999-08-28',NULL,'K62CAC',9),(326,17020734,'17020734@vnu.edu.vn','Nguyễn Bá Hiệp','1999-10-31',NULL,'K62CK',17),(327,17020882,'17020882@vnu.edu.vn','Phạm Hùng Mạnh','1999-09-29',NULL,'K62CK',17),(328,17020952,'17020952@vnu.edu.vn','Lê Hồng Phong','1999-07-18',NULL,'K62CK',17),(329,17021087,'17021087@vnu.edu.vn','Nguyễn Thành Trung','1999-02-24',NULL,'K62CK',17),(330,17020842,'17020842@vnu.edu.vn','Lê Công Kỳ','1999-11-02',NULL,'K62CL',18),(331,17020703,'17020703@vnu.edu.vn','Vũ Văn Đức','1999-12-21',NULL,'K62J',21),(332,17020717,'17020717@vnu.edu.vn','Nguyễn Ngọc Hải','1998-09-22',NULL,'K62J',21),(333,17021031,'17021031@vnu.edu.vn','Nguyễn Thành Thắng','1999-01-22',NULL,'K62CB',10),(334,17020625,'17020625@vnu.edu.vn','Đoàn Mạnh Cường','1999-01-28',NULL,'K62CL',18),(335,17021171,'17021171@vnu.edu.vn','Nguyễn Thành Đức','1999-08-25',NULL,'K62T',20),(336,17021178,'17021178@vnu.edu.vn','Trần Trường Thủy','1999-05-23',NULL,'K62T',20),(337,17020879,'17020879@vnu.edu.vn','Nguyễn Đức Mạnh','1999-12-19',NULL,'K62CF',14),(338,17020958,'17020958@vnu.edu.vn','Lê Thị Phúc','1999-01-03',NULL,'K62J',21),(339,17021168,'17021168@vnu.edu.vn','Nguyễn Thị Thu Thủy','1999-09-26',NULL,'K62J',21),(340,17020710,'17020710@vnu.edu.vn','Lê Ngọc Hà','1999-06-22',NULL,'K62CG',15),(341,17020727,'17020727@vnu.edu.vn','Trần Trung Hậu','1999-03-05',NULL,'K62J',21),(342,17021083,'17021083@vnu.edu.vn','Võ Thị Phương Trinh','1999-01-17',NULL,'K62CD',12),(343,17021066,'17021066@vnu.edu.vn','Nguyễn Minh Toàn','1999-06-05',NULL,'K62CD',12),(344,17020732,'17020732@vnu.edu.vn','Hà Đức Hiệp','1999-04-24',NULL,'K62CG',15),(345,17021108,'17021108@vnu.edu.vn','Nguyễn Văn Tuấn','1999-04-04',NULL,'K62CK',17),(346,17020665,'17020665@vnu.edu.vn','Bùi Trọng A Đam','1996-11-24',NULL,'K62CL',18),(347,17020616,'17020616@vnu.edu.vn','Nguyễn Duy Chương','1999-11-01',NULL,'K62CAC',9),(348,17021191,'17021191@vnu.edu.vn','Nguyễn Huy Hoàng','1999-09-28',NULL,'K62CAC',9),(349,17021192,'17021192@vnu.edu.vn','Nguyễn Đức Hùng','1999-03-19',NULL,'K62CAC',9),(350,17021013,'17021013@vnu.edu.vn','Ngô Thị Hoài Thanh','1999-02-22',NULL,'K62CE',13),(351,17020692,'17020692@vnu.edu.vn','Đào Anh Đức','1999-04-26',NULL,'K62CF',14),(352,17021049,'17021049@vnu.edu.vn','Phạm Văn Thuấn','1999-06-28',NULL,'K62CL',18),(353,17020709,'17020709@vnu.edu.vn','Dương Thu Hà','1999-10-13',NULL,'K62CAC',9),(354,17020918,'17020918@vnu.edu.vn','Phan Phương Nam','1999-08-16',NULL,'K62CK',17),(355,17020994,'17020994@vnu.edu.vn','Đặng Như Quỳnh','1999-02-09',NULL,'K62CH',16),(356,17021055,'17021055@vnu.edu.vn','Phạm Thị Thúy','1999-10-13',NULL,'K62CB',10),(357,17020872,'17020872@vnu.edu.vn','Dương Văn Lượng','1999-01-05',NULL,'K62CH',16),(358,17020889,'17020889@vnu.edu.vn','Bùi Văn Minh','1999-09-13',NULL,'K62CH',16),(359,17021028,'17021028@vnu.edu.vn','Nguyễn Chiến Thắng','1999-07-06',NULL,'K62CH',16),(360,17021185,'17021185@vnu.edu.vn','Nguyễn Tiến Đạt','1999-03-15',NULL,'K62CAC',9),(361,17021154,'17021154@vnu.edu.vn','Trần Huy Hoàng','1999-01-18',NULL,'K62J',21),(362,17021156,'17021156@vnu.edu.vn','Nguyễn Thị Huệ','1999-09-18',NULL,'K62J',21),(363,17020618,'17020618@vnu.edu.vn','Nguyễn Hoàng Minh Công','1999-08-15',NULL,'K62J',21),(364,17020671,'17020671@vnu.edu.vn','Lưu Lê Tuấn Đạt','1999-10-28',NULL,'K62CB',10),(365,17020631,'17020631@vnu.edu.vn','Phạm Mạnh Dân','1998-05-26',NULL,'K62CC',11),(366,17020995,'17020995@vnu.edu.vn','Phạm Thị Như Quỳnh','1999-08-21',NULL,'K62CK',17),(367,17020915,'17020915@vnu.edu.vn','Nguyễn Thành Nam','1999-01-30',NULL,'K62CE',13),(368,17020697,'17020697@vnu.edu.vn','Nguyễn Minh Đức','1999-01-14',NULL,'K62CD',12),(369,17020833,'17020833@vnu.edu.vn','Nguyễn Thị Khanh','1999-02-22',NULL,'K62CD',12),(370,17021025,'17021025@vnu.edu.vn','Trịnh Thị Thảo','1999-09-10',NULL,'K62CD',12),(371,17020847,'17020847@vnu.edu.vn','Nguyễn Thị Lê','1999-02-26',NULL,'K62CG',15),(372,17020922,'17020922@vnu.edu.vn','Bùi Thị Ngát','1999-03-28',NULL,'K62CG',15),(373,17021037,'17021037@vnu.edu.vn','Trịnh Hữu Thắng','1999-04-17',NULL,'K62CH',16),(374,17021114,'17021114@vnu.edu.vn','Phạm Thanh Tùng','1999-08-11',NULL,'K62CK',17),(375,17021070,'17021070@vnu.edu.vn','Nguyễn Thị Hương Trà','1999-11-21',NULL,'K62J',21),(376,17020022,'17020022@vnu.edu.vn','Lê Bá Công','1999-12-09',NULL,'K62CAC',9),(377,17020860,'17020860@vnu.edu.vn','Nguyễn Việt Linh','1999-01-21',NULL,'K62CB',10),(378,17021203,'17021203@vnu.edu.vn','Trần Văn Quân','1999-01-13',NULL,'K62CAC',9),(379,17020991,'17020991@vnu.edu.vn','Nguyễn Thị Thanh Quý','1999-11-29',NULL,'K62CE',13),(380,17020896,'17020896@vnu.edu.vn','Nguyễn Ngọc Minh','1999-05-18',NULL,'K62CK',17),(381,17021084,'17021084@vnu.edu.vn','Đỗ Quang Trung','1999-11-15',NULL,'K62J',21),(382,17021089,'17021089@vnu.edu.vn','Trần Đức Trung','1999-09-27',NULL,'K62CAC',9),(383,17021102,'17021102@vnu.edu.vn','Đỗ Quang Tuấn','1999-04-10',NULL,'K62CB',10),(384,17020656,'17020656@vnu.edu.vn','Nguyễn Thái Dương','1999-10-27',NULL,'K62CD',12),(385,17020875,'17020875@vnu.edu.vn','Phùng Thị Tuyết Mai','1999-04-23',NULL,'K62CD',12),(386,17020984,'17020984@vnu.edu.vn','Hạp Tiến Quân','1999-06-23',NULL,'K62CD',12),(387,17021016,'17021016@vnu.edu.vn','Nguyễn Bá Thành','1999-07-20',NULL,'K62CD',12),(388,17020878,'17020878@vnu.edu.vn','Nguyễn Đăng Mạnh','1999-08-13',NULL,'K62CE',13),(389,17020748,'17020748@vnu.edu.vn','Nguyễn Trung Hiếu','1999-01-15',NULL,'K62CF',14),(390,17020764,'17020764@vnu.edu.vn','Lê Minh Hoàng','1999-12-30',NULL,'K62CF',14),(391,17020609,'17020609@vnu.edu.vn','Nguyễn Viết Chiến','1998-01-30',NULL,'K62CH',16),(392,17020893,'17020893@vnu.edu.vn','Lê Đức Minh','1999-10-23',NULL,'K62CD',12),(393,17021195,'17021195@vnu.edu.vn','Nguyễn Văn Linh','1999-03-15',NULL,'K62CAC',9),(394,17020589,'17020589@vnu.edu.vn','Phan Anh','1999-12-07',NULL,'K62CB',10),(395,17021074,'17021074@vnu.edu.vn','Nguyễn Quỳnh Trang','1999-07-15',NULL,'K62CB',10),(396,17020976,'17020976@vnu.edu.vn','Đoàn Văn Quang','1999-11-03',NULL,'K62CE',13),(397,17020582,'17020582@vnu.edu.vn','Nguyễn Thị Quý Anh','1999-01-20',NULL,'K62CG',15),(398,17020019,'17020019@vnu.edu.vn','Lê Mai An','1999-04-03',NULL,'K62CAC',9),(399,17021138,'17021138@vnu.edu.vn','Nguyễn Tuấn Vũ','1999-05-21',NULL,'K62CF',14),(400,17020744,'17020744@vnu.edu.vn','Nguyễn Mạnh Hiếu','1999-11-04',NULL,'K62CB',10),(401,17020663,'17020663@vnu.edu.vn','Mai Thế Đại','1999-09-19',NULL,'K62CK',17),(402,17020576,'17020576@vnu.edu.vn','Nguyễn Đức Anh','1999-12-13',NULL,'K62CF',14),(403,17020731,'17020731@vnu.edu.vn','Đinh Thế Hiệp','1999-10-28',NULL,'K62CF',14),(404,17021112,'17021112@vnu.edu.vn','Hoàng Duy Tùng','1999-09-27',NULL,'K62CF',14),(405,17020881,'17020881@vnu.edu.vn','Phạm Đức Mạnh','1999-03-19',NULL,'K62CH',16),(406,17020683,'17020683@vnu.edu.vn','Nguyễn Văn Đình','1999-02-18',NULL,'K62CK',17),(407,17021113,'17021113@vnu.edu.vn','Nguyễn Thanh Tùng','1999-08-27',NULL,'K62CG',15),(408,17021284,'17021284@vnu.edu.vn','Lưu Hoài Linh','1999-11-13',NULL,'K62CA - CLC2',3),(409,17021267,'17021267@vnu.edu.vn','Phạm Quốc Huy','1999-12-28',NULL,'K62CA - CLC3',4),(410,17021261,'17021261@vnu.edu.vn','Phạm Thanh Hùng','1999-09-15',NULL,'K62CA - CLC3',4),(411,15021924,'15021924@vnu.edu.vn','Phan Anh Dương','1997-10-20',NULL,'K60N',26),(412,16021272,'16021272@vnu.edu.vn','Bùi Tiến Dũng','1998-06-29',NULL,'K61T',24),(413,16022183,'16022183@vnu.edu.vn','Vũ Đăng Huy','1998-01-16',NULL,'K61N',22),(414,15022005,'15022005@vnu.edu.vn','Trần Ngọc Minh','1997-08-30',NULL,'K60T',25),(415,16022171,'16022171@vnu.edu.vn','Ngô Thị Hiền','1998-05-29',NULL,'K61N',22),(416,16022436,'16022436@vnu.edu.vn','Nguyễn Huy Hùng','1995-12-14',NULL,'K61N',22),(417,17021155,'17021155@vnu.edu.vn','Lê Văn Hợp','1999-06-21',NULL,'K62J',21),(418,17021039,'17021039@vnu.edu.vn','Bùi Anh Thi','1999-01-18',NULL,'K62CG',15),(419,16021021,'16021021@vnu.edu.vn','Chu Thị Thùy Linh','1998-05-16',NULL,'K61CC',19),(420,17020565,'17020565@vnu.edu.vn','Dương Hồng Anh','1999-01-06',NULL,'K62CLC',NULL),(421,17020014,'17020014@vnu.edu.vn','Trần Nguyễn Khánh Ninh','1999-10-09',NULL,'K62C - CLC',7),(422,17021218,'17021218@vnu.edu.vn','Đoàn Đình Dũng','1999-04-17',NULL,'K62CA - CLC3',4),(423,16022443,'16022443@vnu.edu.vn','Kiều Thanh Nam','1998-03-11',NULL,'K61N',22),(424,17020666,'17020666@vnu.edu.vn','Vũ Mạnh Đan','1999-11-17',NULL,'K62CD',12),(425,16021832,'16021832@vnu.edu.vn','Nguyễn Gia Phong','1998-01-01',NULL,'K61N',22),(426,17021162,'17021162@vnu.edu.vn','Dương Khánh Linh','1999-08-16',NULL,'K62J',21),(427,17020960,'17020960@vnu.edu.vn','Nguyễn Thị Phúc','1999-11-04',NULL,'K62J',21),(428,17021157,'17021157@vnu.edu.vn','Nguyễn Việt Hùng','1999-04-17',NULL,'K62J',21);
/*!40000 ALTER TABLE `student` ENABLE KEYS */;
UNLOCK TABLES;

--
-- Table structure for table `studentSemesterRel`
--

DROP TABLE IF EXISTS `studentSemesterRel`;
/*!40101 SET @saved_cs_client     = @@character_set_client */;
/*!40101 SET character_set_client = utf8 */;
CREATE TABLE `studentSemesterRel` (
  `idStudentsemesterrel` int(11) NOT NULL AUTO_INCREMENT,
  `idSemester` int(11) DEFAULT NULL,
  `idStudent` int(11) DEFAULT NULL,
  `removed` int(11) DEFAULT NULL,
  PRIMARY KEY (`idStudentsemesterrel`),
  KEY `idSemester` (`idSemester`),
  KEY `idStudent` (`idStudent`),
  CONSTRAINT `studentSemesterRel_ibfk_1` FOREIGN KEY (`idSemester`) REFERENCES `semester` (`idSemester`),
  CONSTRAINT `studentSemesterRel_ibfk_2` FOREIGN KEY (`idStudent`) REFERENCES `student` (`idStudent`)
) ENGINE=InnoDB AUTO_INCREMENT=425 DEFAULT CHARSET=utf8;
/*!40101 SET character_set_client = @saved_cs_client */;

--
-- Dumping data for table `studentSemesterRel`
--

LOCK TABLES `studentSemesterRel` WRITE;
/*!40000 ALTER TABLE `studentSemesterRel` DISABLE KEYS */;
INSERT INTO `studentSemesterRel` VALUES (1,1,174,NULL),(2,1,164,NULL),(3,1,204,NULL),(4,1,165,NULL),(5,1,44,NULL),(6,1,24,NULL),(7,1,166,NULL),(8,1,190,NULL),(9,1,191,NULL),(10,1,28,NULL),(11,1,175,NULL),(12,1,198,NULL),(13,1,31,NULL),(14,1,158,NULL),(15,1,37,NULL),(16,1,199,NULL),(17,1,171,NULL),(18,1,162,NULL),(19,1,167,NULL),(20,1,202,NULL),(21,1,173,NULL),(22,1,168,NULL),(23,1,192,NULL),(24,1,200,NULL),(25,1,203,NULL),(26,1,169,NULL),(27,1,186,NULL),(28,1,187,NULL),(29,1,40,NULL),(30,1,189,NULL),(31,1,193,NULL),(32,1,194,NULL),(33,1,195,NULL),(34,1,196,NULL),(35,1,42,NULL),(36,1,159,NULL),(37,1,176,NULL),(38,1,181,NULL),(39,1,182,NULL),(40,1,197,NULL),(41,1,29,NULL),(42,1,163,NULL),(43,1,201,NULL),(44,1,47,NULL),(45,1,25,NULL),(46,1,205,NULL),(47,1,26,NULL),(48,1,43,NULL),(49,1,188,NULL),(50,1,177,NULL),(51,1,184,NULL),(52,1,27,NULL),(53,1,185,NULL),(54,1,18,NULL),(55,1,38,NULL),(56,1,39,NULL),(57,1,160,NULL),(58,1,170,NULL),(59,1,23,NULL),(60,1,14,NULL),(61,1,22,NULL),(62,1,30,NULL),(63,1,154,NULL),(64,1,161,NULL),(65,1,15,NULL),(66,1,45,NULL),(67,1,180,NULL),(68,1,153,NULL),(69,1,46,NULL),(70,1,41,NULL),(71,1,21,NULL),(72,1,408,NULL),(73,1,33,NULL),(74,1,178,NULL),(75,1,422,NULL),(76,1,179,NULL),(77,1,35,NULL),(78,1,410,NULL),(79,1,409,NULL),(80,1,16,NULL),(81,1,17,NULL),(82,1,20,NULL),(83,1,36,NULL),(84,1,157,NULL),(85,1,32,NULL),(86,1,19,NULL),(87,1,155,NULL),(88,1,156,NULL),(89,1,172,NULL),(90,1,34,NULL),(91,1,183,NULL),(92,1,13,NULL),(93,1,420,NULL),(94,1,5,NULL),(95,1,143,NULL),(96,1,144,NULL),(97,1,145,NULL),(98,1,146,NULL),(99,1,6,NULL),(100,1,147,NULL),(101,1,148,NULL),(102,1,7,NULL),(103,1,8,NULL),(104,1,9,NULL),(105,1,149,NULL),(106,1,150,NULL),(107,1,151,NULL),(108,1,152,NULL),(109,1,12,NULL),(110,1,11,NULL),(111,1,10,NULL),(112,1,421,NULL),(113,1,398,NULL),(114,1,64,NULL),(115,1,136,NULL),(116,1,128,NULL),(117,1,347,NULL),(118,1,376,NULL),(119,1,360,NULL),(120,1,137,NULL),(121,1,353,NULL),(122,1,236,NULL),(123,1,348,NULL),(124,1,349,NULL),(125,1,325,NULL),(126,1,122,NULL),(127,1,303,NULL),(128,1,105,NULL),(129,1,107,NULL),(130,1,61,NULL),(131,1,378,NULL),(132,1,63,NULL),(133,1,382,NULL),(134,1,393,NULL),(135,1,394,NULL),(136,1,218,NULL),(137,1,364,NULL),(138,1,65,NULL),(139,1,271,NULL),(140,1,400,NULL),(141,1,272,NULL),(142,1,66,NULL),(143,1,68,NULL),(144,1,377,NULL),(145,1,265,NULL),(146,1,134,NULL),(147,1,266,NULL),(148,1,108,NULL),(149,1,267,NULL),(150,1,138,NULL),(151,1,106,NULL),(152,1,333,NULL),(153,1,76,NULL),(154,1,356,NULL),(155,1,395,NULL),(156,1,383,NULL),(157,1,268,NULL),(158,1,284,NULL),(159,1,142,NULL),(160,1,365,NULL),(161,1,48,NULL),(162,1,252,NULL),(163,1,245,NULL),(164,1,206,NULL),(165,1,314,NULL),(166,1,315,NULL),(167,1,209,NULL),(168,1,94,NULL),(169,1,319,NULL),(170,1,253,NULL),(171,1,320,NULL),(172,1,213,NULL),(173,1,95,NULL),(174,1,96,NULL),(175,1,226,NULL),(176,1,269,NULL),(177,1,227,NULL),(178,1,384,NULL),(179,1,127,NULL),(180,1,210,NULL),(181,1,368,NULL),(182,1,316,NULL),(183,1,249,NULL),(184,1,50,NULL),(185,1,261,NULL),(186,1,304,NULL),(187,1,97,NULL),(188,1,305,NULL),(189,1,369,NULL),(190,1,132,NULL),(191,1,385,NULL),(192,1,69,NULL),(193,1,386,NULL),(194,1,78,NULL),(195,1,321,NULL),(196,1,228,NULL),(197,1,387,NULL),(198,1,370,NULL),(199,1,343,NULL),(200,1,306,NULL),(201,1,322,NULL),(202,1,278,NULL),(203,1,262,NULL),(204,1,279,NULL),(205,1,281,NULL),(206,1,82,NULL),(207,1,263,NULL),(208,1,309,NULL),(209,1,264,NULL),(210,1,388,NULL),(211,1,367,NULL),(212,1,235,NULL),(213,1,396,NULL),(214,1,379,NULL),(215,1,270,NULL),(216,1,140,NULL),(217,1,402,NULL),(218,1,311,NULL),(219,1,317,NULL),(220,1,291,NULL),(221,1,93,NULL),(222,1,292,NULL),(223,1,99,NULL),(224,1,351,NULL),(225,1,403,NULL),(226,1,389,NULL),(227,1,390,NULL),(228,1,293,NULL),(229,1,81,NULL),(230,1,285,NULL),(231,1,141,NULL),(232,1,214,NULL),(233,1,67,NULL),(234,1,286,NULL),(235,1,211,NULL),(236,1,259,NULL),(237,1,135,NULL),(238,1,399,NULL),(239,1,397,NULL),(240,1,312,NULL),(241,1,246,NULL),(242,1,111,NULL),(243,1,344,NULL),(244,1,224,NULL),(245,1,260,NULL),(246,1,117,NULL),(247,1,371,NULL),(248,1,124,NULL),(249,1,216,NULL),(250,1,372,NULL),(251,1,225,NULL),(252,1,219,NULL),(253,1,75,NULL),(254,1,407,NULL),(255,1,391,NULL),(256,1,251,NULL),(257,1,237,NULL),(258,1,247,NULL),(259,1,88,NULL),(260,1,357,NULL),(261,1,405,NULL),(262,1,358,NULL),(263,1,273,NULL),(264,1,355,NULL),(265,1,359,NULL),(266,1,373,NULL),(267,1,274,NULL),(268,1,70,NULL),(269,1,401,NULL),(270,1,406,NULL),(271,1,307,NULL),(272,1,326,NULL),(273,1,323,NULL),(274,1,244,NULL),(275,1,313,NULL),(276,1,59,NULL),(277,1,238,NULL),(278,1,327,NULL),(279,1,380,NULL),(280,1,131,NULL),(281,1,328,NULL),(282,1,366,NULL),(283,1,324,NULL),(284,1,100,NULL),(285,1,101,NULL),(286,1,51,NULL),(287,1,289,NULL),(288,1,329,NULL),(289,1,345,NULL),(290,1,374,NULL),(291,1,52,NULL),(292,1,60,NULL),(293,1,239,NULL),(294,1,243,NULL),(295,1,334,NULL),(296,1,71,NULL),(297,1,102,NULL),(298,1,275,NULL),(299,1,57,NULL),(300,1,83,NULL),(301,1,330,NULL),(302,1,276,NULL),(303,1,72,NULL),(304,1,62,NULL),(305,1,294,NULL),(306,1,73,NULL),(307,1,240,NULL),(308,1,74,NULL),(309,1,220,NULL),(310,1,118,NULL),(311,1,248,NULL),(312,1,103,NULL),(313,1,221,NULL),(314,1,234,NULL),(315,1,277,NULL),(316,1,242,NULL),(317,1,208,NULL),(318,1,207,NULL),(319,1,230,NULL),(320,1,229,NULL),(321,1,250,NULL),(322,1,110,NULL),(323,1,53,NULL),(324,1,404,NULL),(325,1,84,NULL),(326,1,419,NULL),(327,1,295,NULL),(328,1,222,NULL),(329,1,335,NULL),(330,1,223,NULL),(331,1,233,NULL),(332,1,336,NULL),(333,1,89,NULL),(334,1,91,NULL),(335,1,308,NULL),(336,1,363,NULL),(337,1,90,NULL),(338,1,331,NULL),(339,1,332,NULL),(340,1,361,NULL),(341,1,362,NULL),(342,1,92,NULL),(343,1,257,NULL),(344,1,297,NULL),(345,1,79,NULL),(346,1,298,NULL),(347,1,130,NULL),(348,1,115,NULL),(349,1,129,NULL),(350,1,280,NULL),(351,1,215,NULL),(352,1,254,NULL),(353,1,255,NULL),(354,1,256,NULL),(355,1,375,NULL),(356,1,290,NULL),(357,1,381,NULL),(358,1,301,NULL),(359,1,241,NULL),(360,1,413,NULL),(361,1,302,NULL),(362,1,53,NULL),(363,1,231,NULL),(364,1,424,NULL),(365,1,207,NULL),(366,1,299,NULL),(367,1,85,NULL),(368,1,86,NULL),(369,1,392,NULL),(370,1,342,NULL),(371,1,318,NULL),(372,1,123,NULL),(373,1,350,NULL),(374,1,337,NULL),(375,1,87,NULL),(376,1,112,NULL),(377,1,340,NULL),(378,1,418,NULL),(379,1,287,NULL),(380,1,288,NULL),(381,1,126,NULL),(382,1,354,NULL),(383,1,346,NULL),(384,1,282,NULL),(385,1,352,NULL),(386,1,119,NULL),(387,1,412,NULL),(388,1,56,NULL),(389,1,109,NULL),(390,1,414,NULL),(391,1,341,NULL),(392,1,417,NULL),(394,1,232,NULL),(395,1,310,NULL),(396,1,338,NULL),(397,1,104,NULL),(398,1,339,NULL),(399,1,125,NULL),(400,1,113,NULL),(401,1,114,NULL),(402,1,116,NULL),(403,1,133,NULL),(404,1,49,NULL),(405,1,415,NULL),(406,1,54,NULL),(407,1,416,NULL),(409,1,121,NULL),(410,1,423,NULL),(411,1,425,NULL),(412,1,55,NULL),(413,1,80,NULL),(414,1,283,NULL),(415,1,258,NULL),(416,1,217,NULL),(417,1,58,NULL),(418,1,77,NULL),(419,1,98,NULL),(420,1,120,NULL),(421,1,411,NULL),(422,1,426,NULL),(423,1,427,NULL),(424,1,428,NULL);
/*!40000 ALTER TABLE `studentSemesterRel` ENABLE KEYS */;
UNLOCK TABLES;
/*!40103 SET TIME_ZONE=@OLD_TIME_ZONE */;

/*!40101 SET SQL_MODE=@OLD_SQL_MODE */;
/*!40014 SET FOREIGN_KEY_CHECKS=@OLD_FOREIGN_KEY_CHECKS */;
/*!40014 SET UNIQUE_CHECKS=@OLD_UNIQUE_CHECKS */;
/*!40101 SET CHARACTER_SET_CLIENT=@OLD_CHARACTER_SET_CLIENT */;
/*!40101 SET CHARACTER_SET_RESULTS=@OLD_CHARACTER_SET_RESULTS */;
/*!40101 SET COLLATION_CONNECTION=@OLD_COLLATION_CONNECTION */;
/*!40111 SET SQL_NOTES=@OLD_SQL_NOTES */;

-- Dump completed on 2021-03-21 16:39:17
